FEATURE_ID,NAME,LEVEL_1,GEOCODE,index,class_id,level_0,level_1,level_2,level_3,level_4,color,feature_id,patch_size,key,1985,1986,1987,1988,1989,1990,1991,1992,1993,1994,1995,1996,1997,1998,1999,2000,2001,2002,2003,2004,2005,2006,2007,2008,2009,2010,2011,2012,2013,2014,2015,2016,2017,2018,2019,2020,2021,2022
1,Brasil,,,1110,3,Natural,1. Forest,Forest Formation,Forest Formation,Forest Formation,#006400,1,3,relative,"0,34","0,36","0,35","0,36","0,36","0,36","0,36","0,37","0,37","0,37","0,38","0,38","0,38","0,38","0,39","0,39","0,39","0,4","0,4","0,41","0,41","0,41","0,42","0,42","0,42","0,42","0,43","0,43","0,44","0,45","0,45","0,46","0,46","0,47","0,47","0,48","0,49","0,51"
1,Brasil,,,1110,3,Natural,1. Forest,Forest Formation,Forest Formation,Forest Formation,#006400,1,3,value,"1450067,513","1516249,256","1498590,949","1502926,148","1504909,144","1509272,014","1516901,947","1525536,329","1531965,643","1538687,734","1537462,239","1530669,728","1532510,582","1534225,89","1541097,017","1537416,798","1540864,018","1555067,182","1569122,449","1577897,423","1579938,697","1584227,536","1591420,861","1597077,06","1601948,833","1613105,625","1623296,667","1639713,691","1672684,004","1695150,148","1714170,562","1732457,827","1743066,067","1756437,74","1771529,921","1775994,489","1806208,884","1865812,696"
1,Brasil,,,1110,3,Natural,1. Forest,Forest Formation,Forest Formation,Forest Formation,#006400,1,5,relative,"0,52","0,54","0,53","0,54","0,55","0,55","0,55","0,56","0,57","0,57","0,58","0,58","0,58","0,59","0,59","0,6","0,6","0,61","0,62","0,63","0,63","0,64","0,65","0,65","0,65","0,66","0,66","0,67","0,68","0,69","0,7","0,71","0,71","0,72","0,73","0,73","0,75","0,77"
1,Brasil,,,1110,3,Natural,1. Forest,Forest Formation,Forest Formation,Forest Formation,#006400,1,5,value,"2221489,536","2282437,659","2267800,559","2281822,539","2288969,458","2297951,053","2310491,342","2326126,672","2339515,564","2352553,186","2356074,158","2350443,887","2355753,312","2362122,413","2375678,414","2371265,404","2378536,852","2399825,976","2424453,068","2443230,699","2447788,251","2457699,704","2470735,532","2480076,643","2487294,487","2500918,308","2514673,156","2535724,976","2579729,8","2607449,444","2635635,002","2660442,174","2678971,766","2699691,538","2718655,302","2727396,218","2769590,386","2857063,292"
1,Brasil,,,1110,3,Natural,1. Forest,Forest Formation,Forest Formation,Forest Formation,#006400,1,10,relative,"0,84","0,85","0,85","0,86","0,87","0,88","0,89","0,9","0,91","0,92","0,93","0,94","0,94","0,96","0,97","0,97","0,98","0,99","1,01","1,03","1,04","1,05","1,06","1,07","1,07","1,08","1,09","1,1","1,11","1,13","1,14","1,15","1,16","1,17","1,19","1,19","1,22","1,26"
1,Brasil,,,1110,3,Natural,1. Forest,Forest Formation,Forest Formation,Forest Formation,#006400,1,10,value,"3569557,488","3619126,809","3611989,363","3641867,328","3663914,1","3684801,687","3706072,669","3733796,397","3758592,904","3782428,086","3797457,004","3799059,184","3815092,354","3835673,648","3864353,783","3859963,244","3873218,031","3909927,343",3958424,"3996267,677","4013019,019","4031673,932","4059319,399","4077565,599","4088788,575","4109901,168","4123176,596","4154116,903","4214196,819","4255833,858","4296496,324","4340958,339","4372299,322","4402031,041","4432914,668","4451549,072","4515792,839","4638788,159"
1,Brasil,,,1110,3,Natural,1. Forest,Forest Formation,Forest Formation,Forest Formation,#006400,1,25,relative,"1,36","1,37","1,38","1,4","1,42","1,43","1,45","1,47","1,49","1,51","1,53","1,54","1,56","1,58","1,6","1,61","1,63","1,65","1,69","1,72","1,74","1,76","1,78","1,79","1,8","1,81","1,82","1,83","1,86","1,87","1,9","1,92","1,94","1,95","1,97","1,99","2,02","2,09"
1,Brasil,,,1110,3,Natural,1. Forest,Forest Formation,Forest Formation,Forest Formation,#006400,1,25,value,"5815202,308","5846581,464","5862700,771","5921101,598","5966009,689","6004353,628","6047905,538","6099564,182","6147879,964","6194481,179","6236243,412","6251065,229","6289489,815","6333726,406","6402249,692","6396998,141","6432925,387","6498809,264","6587704,154","6663332,698","6711965,839","6753539,226","6800026,378","6826816,896","6847974,224","6876348,122","6898974,304","6937246,935","7025909,522","7088630,398","7155209,479","7228487,311","7283016,002","7331614,914","7384736,668","7416317,983","7514805,246","7698833,692"
1,Brasil,,,1110,3,Natural,1. Forest,Forest Formation,Forest Formation,Forest Formation,#006400,1,50,relative,"1,83","1,84","1,86","1,88","1,91","1,93","1,95","1,98","2,01","2,04","2,07","2,09","2,12","2,14","2,18","2,19","2,22","2,26","2,31","2,35","2,39","2,41","2,44","2,46","2,47","2,49","2,5","2,51","2,54","2,57","2,6","2,63","2,66","2,68","2,71","2,73","2,78","2,86"
1,Brasil,,,1110,3,Natural,1. Forest,Forest Formation,Forest Formation,Forest Formation,#006400,1,50,value,"7819457,798","7837158,348","7872908,647","7946062,635","8017125,605","8078901,402","8140994,029","8222276,806","8295711,922","8365461,551","8438530,648","8473155,334","8544197,845","8611733,16","8721500,614","8723767,748","8784398,066","8879536,827","9009904,322","9126625,007","9198190,947","9259330,259","9334500,218","9374789,597","9412939,905","9447047,847","9473710,409","9519998,072","9625321,685","9716090,198","9801811,067","9913847,086","9985129,876","10062492,73","10132248,23","10181316,33","10311714,17","10545362,04"
1,Brasil,,,1120,4,Natural,1. Forest,Savanna Formation,Savanna Formation,Savanna Formation,#00ff00,1,3,relative,"0,81","0,82","0,82","0,83","0,85","0,86","0,87","0,89","0,9","0,91","0,91","0,91","0,91","0,91","0,91","0,91","0,92","0,93","0,94","0,97","0,97","0,97","0,98","0,98","0,98","0,99","1,01","1,02","1,04","1,06","1,08","1,09","1,1","1,12","1,13","1,14","1,15","1,17"
1,Brasil,,,1120,4,Natural,1. Forest,Savanna Formation,Savanna Formation,Savanna Formation,#00ff00,1,3,value,"1078676,057","1103028,747","1093136,768","1098677,744","1103834,503","1111353,331","1112433,863","1122836,037","1120650,895","1124537,316","1122496,327","1117362,6","1108774,258","1102166,7","1090513,348","1087790,862","1092353,8","1091534,553","1095901,301","1109107,41","1105237,863","1099320,525","1108617,186","1109626,176","1110921,351","1117036,179","1127530,878","1136505,942","1150978,548","1163746,813","1178860,414","1181529,482","1185507,462","1211201,881","1211258,134","1210793,325","1213934,283","1226120,453"
1,Brasil,,,1120,4,Natural,1. Forest,Savanna Formation,Savanna Formation,Savanna Formation,#00ff00,1,5,relative,"1,13","1,14","1,14","1,17","1,19","1,21","1,23","1,25","1,26","1,28","1,29","1,29","1,28","1,29","1,29","1,29","1,31","1,32","1,34","1,37","1,38","1,38","1,4","1,4","1,41","1,42","1,43","1,46","1,49","1,52","1,54","1,55","1,56","1,6","1,6","1,62","1,63","1,66"
1,Brasil,,,1120,4,Natural,1. Forest,Savanna Formation,Savanna Formation,Savanna Formation,#00ff00,1,5,value,"1512845,06","1534868,166","1525566,131","1541179,863","1552782,247","1563806,031","1566862,314","1581179,869","1580951,147","1585035,197","1586008,42","1580539,914","1569489,623","1561009,442","1546678,211","1543099,323","1551563,186","1551905,038","1559717,169","1578867,294","1576890,62","1571614,658","1584014,98","1585720,903","1589341,667","1596307,233","1609225,824","1623599,939","1644145,103","1662388,079","1682693,789","1683494,812","1688457,196","1717490,873","1716000,898","1717496,498","1719488,82","1736269,853"
1,Brasil,,,1120,4,Natural,1. Forest,Savanna Formation,Savanna Formation,Savanna Formation,#00ff00,1,10,relative,"1,65","1,65","1,66","1,7","1,74","1,77","1,79","1,83","1,86","1,87","1,89","1,89","1,89","1,9","1,89","1,9","1,93","1,95","1,99","2,04","2,06","2,06","2,08","2,09","2,1","2,11","2,13","2,16","2,21","2,25","2,29","2,3","2,31","2,36","2,37","2,39","2,41","2,45"
1,Brasil,,,1120,4,Natural,1. Forest,Savanna Formation,Savanna Formation,Savanna Formation,#00ff00,1,10,value,"2198005,969","2213528,809","2211049,231","2241791,397","2265986,546","2289130,122","2292824,907","2316079,827","2320656,395","2326218,538","2331299,962","2322797,104","2308107,322","2298392,194","2279767,312","2274577,602","2292318,688","2295539,53","2312759,143","2343392,439","2342834,485","2336877,18","2355605,068","2360175,978","2365454,906","2375713,556","2392064,483","2409962,142","2438103,62","2464500,658","2496269,417","2497819,964","2504528,385","2536837,624","2535431,654","2536549,274","2537678,487","2561447,014"
1,Brasil,,,1120,4,Natural,1. Forest,Savanna Formation,Savanna Formation,Savanna Formation,#00ff00,1,25,relative,"2,42","2,41","2,44","2,51","2,57","2,62","2,66","2,72","2,76","2,79","2,82","2,83","2,82","2,84","2,84","2,86","2,91","2,94",3,"3,07","3,1","3,1","3,14","3,15","3,16","3,18","3,21","3,27","3,33","3,39","3,45","3,47","3,5","3,54","3,55","3,58","3,61","3,68"
1,Brasil,,,1120,4,Natural,1. Forest,Savanna Formation,Savanna Formation,Savanna Formation,#00ff00,1,25,value,"3226325,61","3236984,32","3245834,699","3306817,417","3350867,046","3385389,244","3401641,479","3441009,766","3455634,177","3461417,239","3475710,505","3466939,958","3448038,816","3440903,754","3419456,675","3414785,956","3447598,722","3456305,097","3482356,032","3524155,166","3530881,539","3529171,208","3555263,841","3561548,003","3566724,341","3581728,335","3606802,728","3639428,354","3682906,318","3722612,681","3770897,775","3773089,182","3781894,437","3808545,09","3806246,987","3808797,032","3810385,689","3842149,67"
1,Brasil,,,1120,4,Natural,1. Forest,Savanna Formation,Savanna Formation,Savanna Formation,#00ff00,1,50,relative,"3,06","3,05","3,1","3,2","3,28","3,35","3,41","3,49","3,54","3,58","3,62","3,62","3,62","3,65","3,66","3,68","3,76","3,81","3,88","3,97","4,01","4,02","4,07","4,08","4,09","4,13","4,17","4,24","4,32","4,4","4,47","4,49","4,53","4,57","4,59","4,62","4,66","4,75"
1,Brasil,,,1120,4,Natural,1. Forest,Savanna Formation,Savanna Formation,Savanna Formation,#00ff00,1,50,value,"4086845,097","4096578,307","4131167,19","4214973,179","4277642,115","4326952,73","4357790,813","4404784,273","4430157,506","4439934,59","4458442,831","4446503,363","4428042,734","4423990,877","4405748,527","4406318,767","4453603,581","4479475,185","4506419,983","4563926,33","4570534,019","4573183,782","4607897,194","4616970,404","4621637,792","4644581,149","4674887,593","4717793,675","4773522,857","4825209,626","4885529,613","4882736,843","4895721,314","4917780,287","4915358,094","4916753,395","4921201,983","4958803,654"
1,Brasil,,,1130,5,Natural,1. Forest,Magrove,Magrove,Magrove,#687537,1,3,relative,"0,21","0,22","0,23","0,24","0,24","0,24","0,24","0,24","0,25","0,25","0,23","0,23","0,24","0,25","0,26","0,21","0,2","0,2","0,2","0,19","0,19","0,19","0,19","0,18","0,18","0,17","0,16","0,16","0,14","0,14","0,14","0,13","0,13","0,13","0,12","0,12","0,12","0,16"
1,Brasil,,,1130,5,Natural,1. Forest,Magrove,Magrove,Magrove,#687537,1,3,value,"2170,680163","2257,332185","2365,325918","2412,834251","2460,247037","2459,595284","2442,990405","2486,276047","2567,784385","2545,151698","2394,325737","2334,88878","2465,664941","2580,508572","2656,925567","2199,246061","2103,039475","2083,57907","2058,530006","2011,188745","1995,311298","2003,442961","1961,933473","1910,820654","1828,978958","1801,331406","1696,410055","1685,687931","1516,621479","1446,684745","1430,557841","1387,582118","1359,242755","1320,794793","1284,572603","1244,010046","1272,71685","1620,263305"
1,Brasil,,,1130,5,Natural,1. Forest,Magrove,Magrove,Magrove,#687537,1,5,relative,"0,32","0,35","0,37","0,37","0,36","0,36","0,37","0,37","0,38","0,38","0,36","0,36","0,37","0,39","0,4","0,34","0,33","0,32","0,32","0,31","0,32","0,31","0,31","0,31","0,29","0,29","0,28","0,28","0,26","0,24","0,24","0,23","0,23","0,22","0,22","0,21","0,21","0,26"
1,Brasil,,,1130,5,Natural,1. Forest,Magrove,Magrove,Magrove,#687537,1,5,value,"3267,315742","3526,33545","3744,970218","3755,837428","3696,230674","3714,122698","3763,0218","3818,438804","3928,536315","3942,357846","3721,318814","3677,100109","3800,340407","3990,926682","4126,552724","3495,983884","3398,578832","3332,951371","3294,681144","3268,20242","3301,06905","3245,446086","3263,029573","3207,314743","3049,947371","3014,639947","2937,68227","2938,03817","2689,284886","2536,850536","2470,127589","2448,641931","2349,589938","2269,905774","2244,937429","2170,012781","2187,625784","2685,287547"
1,Brasil,,,1130,5,Natural,1. Forest,Magrove,Magrove,Magrove,#687537,1,10,relative,"0,58","0,62","0,66","0,66","0,66","0,64","0,64","0,65","0,67","0,67","0,64","0,63","0,64","0,67","0,7","0,6","0,58","0,58","0,57","0,55","0,56","0,56","0,55","0,54","0,52","0,51","0,51","0,51","0,48","0,46","0,45","0,44","0,43","0,42","0,41","0,4","0,4","0,46"
1,Brasil,,,1130,5,Natural,1. Forest,Magrove,Magrove,Magrove,#687537,1,10,value,"5881,88239","6274,447948","6621,778191","6667,641657","6689,318793","6613,725451","6569,968551","6712,575222","6877,634668","6918,283161","6602,915833","6468,13236","6588,855252","6908,725754","7175,391247","6200,573978","6015,468145","6030,28754","5934,89011","5779,143478","5843,738199","5815,536046","5721,804885","5641,200365","5396,81023","5322,034101","5353,536333","5327,919183","5028,627871","4809,291222","4670,189063","4560,623809","4475,565462","4360,973502","4267,184878","4123,517953","4155,429951","4802,940661"
1,Brasil,,,1130,5,Natural,1. Forest,Magrove,Magrove,Magrove,#687537,1,25,relative,"1,18","1,27","1,33","1,32","1,32","1,34","1,35","1,37","1,39","1,4","1,34","1,33","1,35","1,35","1,42","1,24","1,21","1,21","1,22","1,2","1,19","1,18","1,16","1,16","1,12","1,11","1,07","1,06","0,99","0,96","0,94","0,92","0,91","0,9","0,88","0,87","0,87",1
1,Brasil,,,1130,5,Natural,1. Forest,Magrove,Magrove,Magrove,#687537,1,25,value,"11879,43064","12850,28215","13379,13832","13375,55551","13469,10165","13778,62328","13933,55634","14064,10127","14330,75754","14381,96247","13855,72243","13763,49474","14011,80661","13928,21283","14623,37316","12881,85428","12599,22052","12629,31317","12695,19759","12559,13255","12364,95895","12296,24038","12111,8258","12033,17753","11732,39242","11552,65392","11257,83139","11131,20697","10395,4136","10080,11707","9845,800226","9607,506253","9496,294891","9353,991858","9136,132","9059,911727","9121,141088","10338,84591"
1,Brasil,,,1130,5,Natural,1. Forest,Magrove,Magrove,Magrove,#687537,1,50,relative,"1,87","2,02","2,1","2,16","2,13","2,13","2,16","2,21","2,25","2,23","2,17","2,09","2,14","2,19","2,27",2,"1,98","1,99","2,03","1,95","1,94","1,93","1,9","1,86","1,81","1,81","1,81","1,79","1,69","1,64","1,62","1,61","1,6","1,58","1,55","1,54","1,54","1,73"
1,Brasil,,,1130,5,Natural,1. Forest,Magrove,Magrove,Magrove,#687537,1,50,value,"18923,40896","20387,16088","21152,88024","21864,24395","21741,3597","21895,33003","22242,96635","22788,25914","23172,44594","22978,25883","22396,64925","21588,78165","22095,61963","22486,34378","23264,33435","20795,79307","20573,02234","20711,38511","21167,22489","20396,86733","20279,31942","20111,99038","19747,39852","19408,89999","18927,38421","18945,4683","18992,8879","18729,01098","17683,36931","17225,57088","16916,51232","16747,12919","16576,01553","16429,15796","16095,98349","16003,57108","16163,69161","17968,16285"
1,Brasil,,,1140,49,Natural,1. Forest,Wooded Restinga,Wooded Restinga,Wooded Restinga,#6b9932,1,3,relative,"1,58","1,69","1,73","1,8","1,85","1,88","1,91","1,9","1,9","1,89","1,88","1,87","1,89","1,84","1,83","1,78","1,75","1,72","1,73","1,72","1,68","1,64","1,62","1,56","1,58","1,59","1,6","1,63","1,66","1,68","1,69","1,71","1,72","1,7","1,7","1,73","1,76","1,76"
1,Brasil,,,1140,49,Natural,1. Forest,Wooded Restinga,Wooded Restinga,Wooded Restinga,#6b9932,1,3,value,"10976,3691","11706,11152","11772,89112","12047,5086","12164,94585","12198,06888","12292,56966","12117,127","12015,40616","11970,76702","11889,59291","11826,09358","11822,3578","11469,8146","11304,1122","10906,82104","10723,78621","10563,62625","10639,80092","10518,10939","10375,62958","10158,18233","10060,84253","9673,302454","9787,07024","9883,186048","10034,02099","10189,08382","10328,42783","10413,06919","10595,99552","10694,90221","10739,70251","10652,22512","10677,12764","10865,81253","10994,22287","11030,56893"
1,Brasil,,,1140,49,Natural,1. Forest,Wooded Restinga,Wooded Restinga,Wooded Restinga,#6b9932,1,5,relative,"2,29","2,4","2,49","2,59","2,65","2,66","2,71","2,71","2,71","2,7","2,69","2,69","2,7","2,62","2,59","2,49","2,45","2,43","2,45","2,43","2,38","2,33","2,32","2,26","2,29","2,31","2,33","2,35","2,39","2,42","2,43","2,47","2,49","2,47","2,46","2,5","2,51","2,52"
1,Brasil,,,1140,49,Natural,1. Forest,Wooded Restinga,Wooded Restinga,Wooded Restinga,#6b9932,1,5,value,"15957,07525","16597,94275","16917,27233","17270,54412","17411,76462","17323,46824","17468,36716","17258,97908","17157,28305","17120,02907","17024,71665","16995,63232","16944,80638","16314,7952","16010,95106","15288,10471","15027,59739","14935,16916","15032,1068","14857,51464","14659,02999","14461,95998","14416,47547","13986,42626","14203,77871","14377,09983","14583,40513","14711,05395","14900,31956","15056,72417","15216,69448","15400,26554","15540,09142","15493,18811","15465,49363","15703,34852","15723,45641","15789,72328"
1,Brasil,,,1140,49,Natural,1. Forest,Wooded Restinga,Wooded Restinga,Wooded Restinga,#6b9932,1,10,relative,"3,45","3,54","3,65","3,79","3,87","3,96","4,02","4,02",4,"3,98","3,99","3,97","3,96","3,88","3,81","3,7","3,66","3,61","3,64","3,6","3,53","3,5","3,47","3,39","3,43","3,44","3,46","3,53","3,58","3,64","3,65","3,67","3,7","3,69","3,71","3,75","3,74","3,77"
1,Brasil,,,1140,49,Natural,1. Forest,Wooded Restinga,Wooded Restinga,Wooded Restinga,#6b9932,1,10,value,"24004,54343","24529,17715","24797,94432","25323,99938","25480,14583","25784,50499","25908,6649","25633,2967","25352,49866","25199,01603","25311,97948","25127,84527","24850,3722","24150,71523","23507,1528","22735,27718","22472,25251","22194,91364","22354,35448","22042,27589","21740,00854","21675,03651","21566,807","21024,47836","21308,3285","21355,08167","21650,44409","22102,33617","22308,43764","22604,8824","22859,23358","22916,35681","23129,31337","23133,10846","23301,73325","23537,35558","23374,27433","23633,28633"
1,Brasil,,,1140,49,Natural,1. Forest,Wooded Restinga,Wooded Restinga,Wooded Restinga,#6b9932,1,25,relative,"5,21","5,31","5,48","5,71","5,8","5,95","6,08","6,04","5,98","5,96","5,94","5,87","5,89","5,79","5,68","5,54","5,44","5,36","5,4","5,34","5,25","5,22","5,19","5,06","5,1","5,17","5,26","5,31","5,4","5,5","5,52","5,56","5,57","5,52","5,51","5,53","5,54","5,58"
1,Brasil,,,1140,49,Natural,1. Forest,Wooded Restinga,Wooded Restinga,Wooded Restinga,#6b9932,1,25,value,"36301,46586","36742,9888","37208,89605","38103,09556","38188,67612","38707,41432","39131,48356","38548,44778","37921,24755","37782,82663","37635,29382","37155,94822","36906,83973","36032,18902","35079,21277","34036,55395","33414,70062","32955,66486","33105,94637","32724,2399","32336,63542","32348,33342","32273,27033","31356,03927","31643,45934","32130,76352","32923,72116","33187,27608","33646,31451","34169,29938","34531,67477","34703,46813","34790,95085","34591,18093","34625,76466","34749,59818","34641,14161","35003,91986"
1,Brasil,,,1140,49,Natural,1. Forest,Wooded Restinga,Wooded Restinga,Wooded Restinga,#6b9932,1,50,relative,"6,75","6,91","7,07","7,4","7,5","7,68","7,83","7,73","7,71","7,63","7,61","7,59","7,6","7,5","7,34","7,17","7,07","6,94","6,99","6,94","6,83","6,86","6,84","6,67","6,61","6,7","6,81","6,95","7,02","7,11","7,17","7,25","7,22","7,07","7,08","7,18","7,14","7,23"
1,Brasil,,,1140,49,Natural,1. Forest,Wooded Restinga,Wooded Restinga,Wooded Restinga,#6b9932,1,50,value,"47055,33778","47831,83943","47955,84376","49363,45028","49369,57066","49972,3922","50424,3492","49320,84512","48853,19436","48355,67769","48256,37064","48030,91566","47608,0998","46677,46199","45297,52705","44056,5517","43415,31903","42649,39681","42890,25847","42514,35747","42103,79884","42516,04484","42478,43088","41344,74092","41035,21786","41625,59186","42615,82146","43497,90519","43723,26714","44209,16002","44866,82412","45217,32658","45102,75322","44323,1851","44485,21516","45098,71144","44620,20819","45316,93299"
1,Brasil,,,1150,6,Natural,1. Forest,Flooded Forest,Flooded Forest,Flooded Forest,#76a5af,1,3,relative,"0,01","0,01","0,02","0,01","0,02","0,02","0,03","0,02","0,02","0,02","0,02","0,03","0,02","0,02","0,03","0,02","0,02","0,02","0,02","0,02","0,02","0,02","0,02","0,02","0,02","0,03","0,02","0,03","0,03","0,03","0,03","0,03","0,03","0,03","0,03","0,03","0,03","0,07"
1,Brasil,,,1150,6,Natural,1. Forest,Flooded Forest,Flooded Forest,Flooded Forest,#76a5af,1,3,value,"2192,760081","2591,140428","3048,877009","2832,193055","3462,460341","3710,284802","4953,035721","4508,650328","4557,407219","4060,890431","4459,235052","4858,116268","4217,411473","3836,362047","5060,400771","3710,295845","3764,214033","4157,854973","4054,20462","4069,021629","4157,925579","4396,428569","4459,722713","4675,094147","4732,076093","4874,720278","4791,628826","5296,096501","5755,77044","6089,760054","6161,563769","6408,053879","6566,888793","6426,394754","6314,638529","5722,748988","6581,878893","12473,62095"
1,Brasil,,,1150,6,Natural,1. Forest,Flooded Forest,Flooded Forest,Flooded Forest,#76a5af,1,5,relative,"0,02","0,03","0,03","0,03","0,04","0,04","0,05","0,05","0,05","0,04","0,05","0,05","0,04","0,04","0,05","0,03","0,03","0,04","0,04","0,04","0,04","0,04","0,04","0,04","0,04","0,04","0,04","0,05","0,05","0,05","0,05","0,05","0,06","0,06","0,05","0,05","0,06","0,1"
1,Brasil,,,1150,6,Natural,1. Forest,Flooded Forest,Flooded Forest,Flooded Forest,#76a5af,1,5,value,"4416,670262","5656,286202","6470,134028","5850,169663","7133,589916","7765,697512","10215,80859","9018,662973","9322,906175","7848,095507","8761,013747","9965,984477","8103,895361","7119,166018","9938,096676","6616,803054","6604,428773","7270,564147","7158,065465","7108,655607","7509,890456","7848,178044","7923,242812","8139,419149","8419,601598","8185,620114","8296,40149","9003,551765","9534,090809","10222,75074","10493,52373","10458,20048","11117,44067","10777,51056","10318,83683","9616,703825","10877,99935","19396,1067"
1,Brasil,,,1150,6,Natural,1. Forest,Flooded Forest,Flooded Forest,Flooded Forest,#76a5af,1,10,relative,"0,05","0,06","0,08","0,07","0,08","0,09","0,11","0,1","0,1","0,09","0,09","0,11","0,09","0,07","0,11","0,07","0,06","0,07","0,07","0,07","0,07","0,08","0,08","0,08","0,08","0,08","0,08","0,09","0,09","0,1","0,1","0,1","0,11","0,1","0,09","0,09","0,1","0,17"
1,Brasil,,,1150,6,Natural,1. Forest,Flooded Forest,Flooded Forest,Flooded Forest,#76a5af,1,10,value,"9562,813654","12441,38145","14458,61869","12963,6039","15446,95185","16781,55193","21845,06374","19211,73726","19812,66826","16378,94863","17724,00131","20862,1598","16737,9257","13930,70261","20546,24862","13075,01781","12376,02774","13606,39135","13165,76252","13285,87994","14064,75448","14782,47375","15311,32692","15603,43737","16195,99356","15171,34095","15587,61049","16536,31269","17410,90457","18233,73142","18574,12833","18422,98982","20102,26651","19117,3251","18075,98476","17099,42019","19365,50356","32750,72043"
1,Brasil,,,1150,6,Natural,1. Forest,Flooded Forest,Flooded Forest,Flooded Forest,#76a5af,1,25,relative,"0,11","0,14","0,16","0,14","0,17","0,18","0,23","0,2","0,21","0,17","0,19","0,22","0,18","0,15","0,22","0,14","0,13","0,14","0,13","0,13","0,14","0,15","0,15","0,16","0,17","0,15","0,16","0,17","0,17","0,18","0,18","0,18","0,2","0,19","0,18","0,17","0,19","0,31"
1,Brasil,,,1150,6,Natural,1. Forest,Flooded Forest,Flooded Forest,Flooded Forest,#76a5af,1,25,value,"20380,23397","26847,57335","31309,45574","27476,28289","31692,78619","34034,14005","43903,81266","38451,42561","40051,10273","32987,87801","35980,41991","41993,851","33570,43832","28401,78494","42266,64881","26146,35127","24795,30953","26706,17749","25722,16477","25802,97117","27567,87173","28503,05018","29645,8818","30505,36257","31639,60351","29037,81046","29994,55682","32574,58792","33441,64484","34414,9902","34852,17667","33817,75399","37662,64214","35541,84412","34137,59604","31832,10886","35907,29033","57967,04359"
1,Brasil,,,1150,6,Natural,1. Forest,Flooded Forest,Flooded Forest,Flooded Forest,#76a5af,1,50,relative,"0,17","0,22","0,26","0,23","0,26","0,27","0,35","0,31","0,32","0,26","0,29","0,33","0,27","0,23","0,34","0,21","0,2","0,22","0,21","0,21","0,22","0,23","0,24","0,25","0,26","0,23","0,24","0,26","0,27","0,27","0,28","0,27","0,3","0,28","0,27","0,26","0,29","0,45"
1,Brasil,,,1150,6,Natural,1. Forest,Flooded Forest,Flooded Forest,Flooded Forest,#76a5af,1,50,value,"32740,2772","42093,53256","49152,16716","43358,85684","50074,55223","52350,25258","66380,91096","58811,51678","61454,56327","50509,28083","55370,75693","63734,14977","51692,55944","44159,05442","64280,57134","41106,7293","38618,31521","41647,81078","39586,52317","40314,78779","42227,45068","43549,31874","45654,04746","47717,80676","48937,51275","44489,12015","46361,15617","49749,2148","51318,21908","52481,45488","52672,27901","50968,29356","56494,28438","53277,06317","51044,77038","48625,19241","54214,8054","84519,46715"
1,Brasil,,,2100,11,Natural,2. Non Forest Natural Formation,Wetland,Wetland,Wetland,#45c2a5,1,3,relative,"1,19","1,18","1,09","1,2","1,16","1,17","1,24","1,31","1,28","1,24","1,25","1,29","1,28","1,31","1,41","1,18","1,27","1,25","1,21","1,25","1,3","1,23","1,26","1,24","1,34","1,22","1,19","1,36","1,31","1,34","1,36","1,29","1,37","1,3","1,37","1,41","1,43","1,53"
1,Brasil,,,2100,11,Natural,2. Non Forest Natural Formation,Wetland,Wetland,Wetland,#45c2a5,1,3,value,"227867,651","206646,0207","200855,6881","223102,7516","223147,7871","201616,0296","221037,2046","218320,4887","222706,1592","206128,4135","221718,2665","224168,8835","230963,7894","217009,2436","235281,4932","216146,3747","210417,9985","219898,2093","215144,277","213835,0506","217455,4195","227387,899","231171,1813","228589,1682","219789,446","216033,4939","231723,3066","217226,866","213499,0438","228489,3198","216868,2784","214668,255","220047,8146","231286,6472","222521,5646","211258,0567","214525,509","223751,6518"
1,Brasil,,,2100,11,Natural,2. Non Forest Natural Formation,Wetland,Wetland,Wetland,#45c2a5,1,5,relative,"1,67","1,63","1,52","1,66","1,61","1,62","1,71","1,82","1,79","1,74","1,74","1,8","1,78","1,83","1,96","1,66","1,79","1,77","1,71","1,77","1,84","1,75","1,79","1,75","1,89","1,73","1,69","1,93","1,85","1,89","1,93","1,83","1,93","1,83","1,94",2,"2,02","2,16"
1,Brasil,,,2100,11,Natural,2. Non Forest Natural Formation,Wetland,Wetland,Wetland,#45c2a5,1,5,value,"319942,5247","287167,0762","278683,2948","309456,7975","310105,5645","280514,5841","305543,5371","304107,187","310436,176","288439,4204","309281,9904","312351,3121","322606,4121","303188,537","327479,1861","303851,9501","297681,351","310981,5967","304405,7099","302595,3365","308571,3053","322606,457","326484,0867","323472,3974","311157,1494","306574,3121","327744,7253","308240,9596","302206,7975","322699,2321","307328,2182","303993,2612","311588,6575","326269,6789","314527,0309","299888,8122","303712,6064","315617,0756"
1,Brasil,,,2100,11,Natural,2. Non Forest Natural Formation,Wetland,Wetland,Wetland,#45c2a5,1,10,relative,"2,45","2,35","2,2","2,39","2,33","2,36","2,48","2,65","2,6","2,54","2,53","2,61","2,59","2,67","2,83","2,43","2,63","2,6","2,51","2,62","2,72","2,57","2,62","2,57","2,77","2,56","2,48","2,85","2,73","2,77","2,85","2,71","2,86","2,7","2,86","2,95","2,98","3,18"
1,Brasil,,,2100,11,Natural,2. Non Forest Natural Formation,Wetland,Wetland,Wetland,#45c2a5,1,10,value,"468738,6488","413604,6026","403393,2561","444659,1967","447131,8147","407014,3394","441285,8139","442468,2457","450514,475","420172,3602","447828,4758","453179,4446","468866,2146","441997,1797","473748,8967","445776,555","437327,1099","456048,9791","447426,1404","447813,1685","456585,1858","475240,8284","479490,0895","474757,8343","455953,4247","451648,9324","481454,7392","455285,1149","445600,8972","474148,4502","454140,4601","449626,437","460806,9889","480609,7787","464172,3443","443150,1086","449052,9422","464854,8667"
1,Brasil,,,2100,11,Natural,2. Non Forest Natural Formation,Wetland,Wetland,Wetland,#45c2a5,1,25,relative,"3,62","3,42","3,2","3,45","3,37","3,44","3,6","3,87","3,79","3,74","3,71","3,83","3,78","3,94","4,14","3,58","3,92","3,86","3,74","3,9","4,06","3,83","3,89","3,8","4,13","3,8","3,67","4,25","4,09","4,13","4,24","4,06","4,27","4,02","4,28","4,43","4,49","4,8"
1,Brasil,,,2100,11,Natural,2. Non Forest Natural Formation,Wetland,Wetland,Wetland,#45c2a5,1,25,value,"691601,5688","600528,0191","586972,15","642497,4168","647587,9281","594299,4424","641063,6863","647191,4655","657537,3065","619677,3153","657431,4303","665950,2765","684302,6994","651467,7534","692330,3409","656351,3198","651241,2785","677650,2194","666959,5092","665880,6565","681152,9914","707632,4964","710567,2589","703955,3989","679812,254","672310,7514","713169,9223","680693,9401","667083,0664","705970,1189","676462,2245","673476,7531","688479,6018","715820,4303","693784,1006","665800,5929","675537,0582","700417,6308"
1,Brasil,,,2100,11,Natural,2. Non Forest Natural Formation,Wetland,Wetland,Wetland,#45c2a5,1,50,relative,"4,55","4,28",4,"4,3","4,19","4,3","4,49","4,85","4,75","4,7","4,64","4,79","4,72","4,94","5,18","4,5","4,95","4,87","4,72","4,92","5,14","4,85","4,91","4,81","5,24","4,83","4,64","5,4","5,21","5,25","5,4","5,18","5,44","5,1","5,44","5,67","5,73","6,12"
1,Brasil,,,2100,11,Natural,2. Non Forest Natural Formation,Wetland,Wetland,Wetland,#45c2a5,1,50,value,"869160,2434","751726,3037","734466,1197","799482,9061","805297,0838","743237,0249","800885,9371","811747,4693","823731,4833","778624,3254","823314,1954","832607,7444","854223,4169","816196,4079","866137,9228","826834,82","822699,6683","855490,3131","842173,4564","841004,7342","863139,7948","895588,7933","897516,3157","890681,2202","861800,6537","852877,393","901136,6989","864729,9273","849706,2508","897232,2463","861113,2649","858633,4566","876935,5968","908253,1366","882824,607","851833,1348","861618,453","894605,853"
1,Brasil,,,2200,12,Natural,2. Non Forest Natural Formation,Grassland,Grassland,Grassland,#b8af4f,1,3,relative,"0,86","0,8","0,77","0,78","0,8","0,74","0,77","0,75","0,78","0,76","0,81","0,84","0,86","0,83","0,86","0,89","0,84","0,88","0,91","0,9","0,88","0,94","0,93","0,94","0,88","0,91","1,01","0,93","0,97","1,03",1,"1,02","1,04","1,14","1,1","1,08","1,13","1,29"
1,Brasil,,,2200,12,Natural,2. Non Forest Natural Formation,Grassland,Grassland,Grassland,#b8af4f,1,3,value,"306726,5352","300523,9451","272533,4522","261632,0744","264700,4868","265273,3782","262883,7249","266483,3066","269690,6911","276035,6864","279855,2466","289014,4242","289982,4011","298622,9743","299673,5746","305378,5236","305454,484","307253,9592","315563,3508","314810,6793","310158,6665","310017,4017","303606,396","304167,0695","307911,033","308370,5203","313848,4385","321635,7034","328869,1712","330052,7038","331905,5371","335461,1485","343783,8806","351111,4944","359468,4471","367131,6764","379591,8036","419194,9013"
1,Brasil,,,2200,12,Natural,2. Non Forest Natural Formation,Grassland,Grassland,Grassland,#b8af4f,1,5,relative,"1,19","1,09","1,05","1,07","1,1","1,02","1,06","1,03","1,07","1,05","1,11","1,15","1,18","1,14","1,19","1,22","1,16","1,22","1,26","1,24","1,22","1,3","1,28","1,29","1,22","1,26","1,39","1,28","1,34","1,42","1,37","1,4","1,43","1,56","1,51","1,48","1,55","1,76"
1,Brasil,,,2200,12,Natural,2. Non Forest Natural Formation,Grassland,Grassland,Grassland,#b8af4f,1,5,value,"426824,019","409039,9796","372844,276","358109,5458","363773,367","364261,808","362181,5624","366883,632","370703,2202","380296,6615","384687,367","397013,7124","397870,9111","411302,6565","412994,7011","419447,4373","421486,3369","423872,5061","434261,3602","434844,4528","429117,5092","427406,0692","418894,3854","419470,8726","425363,069","424512,7741","430552,0808","443162,5729","453152,6968","455196,5781","457985,0067","463030,4952","474025,4632","481943,4386","495077,7409","506566,2214","523169,2071","570103,4368"
1,Brasil,,,2200,12,Natural,2. Non Forest Natural Formation,Grassland,Grassland,Grassland,#b8af4f,1,10,relative,"1,7","1,53","1,48","1,51","1,55","1,44","1,51","1,45","1,51","1,49","1,58","1,63","1,66","1,61","1,69","1,73","1,64","1,73","1,77","1,75","1,72","1,84","1,81","1,83","1,73","1,78","1,96","1,81","1,89","2,01","1,94","1,98","2,02","2,19","2,12","2,1","2,19","2,43"
1,Brasil,,,2200,12,Natural,2. Non Forest Natural Formation,Grassland,Grassland,Grassland,#b8af4f,1,10,value,"608228,7668","573988,553","524804,9277","505347,1045","513442,3014","515322,1442","512489,9106","518954,6172","524133,0032","537152,2853","544581,8695","562704,9038","562498,8687","581486,4779","586002,7332","592676,0381","596394,58","600227,8175","614040,5134","614241,6635","607063,706","604300,4432","592428,4332","593037,075","602562,6554","600987,3182","607857,2862","627167,7602","640202,0086","643610,113","647961,4119","652805,6401","667898,9017","677436,3229","696378,2243","714959,9655","736792,7857","789286,3154"
1,Brasil,,,2200,12,Natural,2. Non Forest Natural Formation,Grassland,Grassland,Grassland,#b8af4f,1,25,relative,"2,43","2,16","2,11","2,15","2,21","2,05","2,15","2,08","2,16","2,13","2,25","2,31","2,37","2,29","2,41","2,45","2,33","2,45","2,51","2,48","2,44","2,6","2,56","2,58","2,44","2,51","2,76","2,55","2,67","2,82","2,74","2,78","2,84","3,08","2,99","2,95","3,07","3,36"
1,Brasil,,,2200,12,Natural,2. Non Forest Natural Formation,Grassland,Grassland,Grassland,#b8af4f,1,25,value,"868467,2033","810140,1747","747018,8799","719369,6065","731989,8617","734841,9784","732539,9773","742184,9496","748990,3148","767154,5141","777313,1891","798152,774","799257,1346","827417,9262","834043,8042","840435,2322","845851,7871","850952,3284","868415,0554","868993,8632","858902,6892","853281,6022","838995,7228","837650,5463","851511,016","847711,7185","854823,7198","882856,0995","900586,3956","904066,2299","912065,2313","918826,8451","938972,1401","951962,9405","979993,2625","1006452,313","1036106,623","1089332,604"
1,Brasil,,,2200,12,Natural,2. Non Forest Natural Formation,Grassland,Grassland,Grassland,#b8af4f,1,50,relative,"3,02","2,67","2,61","2,66","2,74","2,54","2,68","2,58","2,67","2,63","2,78","2,85","2,91","2,82","2,95","3,01","2,87","3,02","3,09","3,05",3,"3,2","3,15","3,17",3,"3,09","3,38","3,13","3,26","3,47","3,36","3,42","3,5","3,78","3,67","3,62","3,76","4,08"
1,Brasil,,,2200,12,Natural,2. Non Forest Natural Formation,Grassland,Grassland,Grassland,#b8af4f,1,50,value,"1078467,571","1000379,078","923710,6261","891387,4265","905749,9611","910142,7057","911072,8125","920620,2275","926296,8611","949802,6581","961000,17","985872,2571","983920,1288","1018300,985","1024372,276","1030743,871","1041070,481","1047592,406","1068692,706","1069985,373","1057349,638","1051039,674","1031705,155","1030373,55","1046560,874","1041792,403","1047657,301","1081565,734","1101901,439","1110709,543","1120370,434","1128991,171","1155290,713","1169387,859","1203183,49","1236479,267","1269371,345","1323603,19"
1,Brasil,,,2500,50,Natural,2. Non Forest Natural Formation,Restinga Herbácea/Arbustiva,Restinga Herbácea/Arbustiva,Restinga Herbácea/Arbustiva,,1,3,relative,"2,26","2,41","2,67","2,69","2,58","2,63","2,78","2,83","3,02","3,18","2,95","2,8","2,68","2,61","2,67","2,65","2,62","2,55","2,52","2,36","2,3","2,28","2,23","2,13","2,13","2,28","2,34","2,29","2,37","2,29","2,33","2,36","2,36","2,34","2,33","2,24","2,25","2,27"
1,Brasil,,,2500,50,Natural,2. Non Forest Natural Formation,Restinga Herbácea/Arbustiva,Restinga Herbácea/Arbustiva,Restinga Herbácea/Arbustiva,,1,3,value,"6684,562512","6880,468052","7173,157655","7109,077158","6801,228858","6954,485544","7188,151553","7223,546398","7527,834003","7796,655258","7462,002714","7241,800338","7056,415642","6928,80126","7005,693426","6912,981063","6800,964816","6627,695912","6683,504695","6472,858137","6364,156769","6337,748737","6200,528659","6015,604648","6026,324782","6266,515164","6328,601389","6234,447503","6479,028893","6329,767153","6382,462652","6468,474239","6513,284371","6516,056967","6388,860079","6098,186023","6178,676333","6364,796598"
1,Brasil,,,2500,50,Natural,2. Non Forest Natural Formation,Restinga Herbácea/Arbustiva,Restinga Herbácea/Arbustiva,Restinga Herbácea/Arbustiva,,1,5,relative,"3,14","3,26","3,57","3,57","3,47","3,54","3,69","3,79",4,"4,22","3,93","3,72","3,6","3,52","3,61","3,56","3,49","3,42","3,36","3,17","3,09","3,07",3,"2,88","2,9","3,09","3,12","3,1","3,18","3,08","3,15","3,19","3,2","3,17","3,16","3,03","3,06","3,22"
1,Brasil,,,2500,50,Natural,2. Non Forest Natural Formation,Restinga Herbácea/Arbustiva,Restinga Herbácea/Arbustiva,Restinga Herbácea/Arbustiva,,1,5,value,"9272,401171","9299,924315","9596,86352","9428,556993","9127,148088","9367,567859","9538,024956","9687,525479","9970,250097","10344,59113","9929,692178","9603,746404","9490,181663","9330,312421","9459,051373","9296,97757","9066,761061","8865,598798","8912,139154","8692,776979","8560,359459","8525,963735","8363,317434","8156,984081","8185,532549","8482,106188","8450,691307","8435,798063","8680,872273","8510,117556","8622,37171","8727,643496","8837,734692","8825,018804","8661,64969","8256,597989","8421,479374","9025,623973"
1,Brasil,,,2500,50,Natural,2. Non Forest Natural Formation,Restinga Herbácea/Arbustiva,Restinga Herbácea/Arbustiva,Restinga Herbácea/Arbustiva,,1,10,relative,"4,34","4,47","4,85","4,9","4,8","4,91","5,12","5,26","5,51","5,66","5,38","5,16","5,01","4,94","5,03","4,97","4,9","4,82","4,68","4,4","4,25","4,2","4,11","3,95","3,99","4,31","4,43","4,36","4,47","4,34","4,44","4,56","4,59","4,53","4,49","4,35","4,32","4,64"
1,Brasil,,,2500,50,Natural,2. Non Forest Natural Formation,Restinga Herbácea/Arbustiva,Restinga Herbácea/Arbustiva,Restinga Herbácea/Arbustiva,,1,10,value,"12802,8057","12761,64446","13052,27228","12933,32246","12652,90836","12992,0413","13227,11337","13428,30889","13725,43203","13892,22918","13582,86895","13339,08227","13223,68834","13107,92088","13188,26112","12963,71376","12722,4918","12504,1329","12404,99692","12074,33103","11766,11941","11665,40959","11441,50854","11171,47026","11279,81763","11849,93508","12009,52267","11884,03248","12201,25638","12002,50895","12168,52562","12501,1664","12678,51436","12609,38037","12329,21965","11853,37975","11873,23544","13004,78191"
1,Brasil,,,2500,50,Natural,2. Non Forest Natural Formation,Restinga Herbácea/Arbustiva,Restinga Herbácea/Arbustiva,Restinga Herbácea/Arbustiva,,1,25,relative,"6,04","6,17","6,62","6,67","6,54","6,67","7,14","7,24","7,61","7,66","7,29","7,01","6,92","6,78","6,85","6,73","6,74","6,67","6,5","6,09","5,89","5,81","5,78","5,5","5,54","6,06","6,15","6,02","6,2","6,21","6,36","6,54","6,51","6,32","6,19","6,1","6,11","6,66"
1,Brasil,,,2500,50,Natural,2. Non Forest Natural Formation,Restinga Herbácea/Arbustiva,Restinga Herbácea/Arbustiva,Restinga Herbácea/Arbustiva,,1,25,value,"17824,90874","17608,63287","17796,20418","17598,08131","17216,32841","17649,71504","18443,56709","18494,46408","18959,12718","18783,147","18401,73887","18095,59408","18251,74277","17983,76004","17954,57505","17550,54418","17503,62456","17303,25361","17202,91629","16692,38593","16294,19774","16137,08415","16100,49842","15548,6088","15644,51723","16643,24553","16646,17524","16393,38959","16919,90646","17153,11824","17427,90751","17920,02372","17975,15769","17594,67741","16986,96159","16612,00787","16803,07111","18667,67405"
1,Brasil,,,2500,50,Natural,2. Non Forest Natural Formation,Restinga Herbácea/Arbustiva,Restinga Herbácea/Arbustiva,Restinga Herbácea/Arbustiva,,1,50,relative,"7,43","7,66","8,27","8,4","8,08","8,39","9,06","9,22","9,57","9,61","9,06","8,68","8,58","8,33","8,47","8,55","8,38","8,29","8,05","7,66","7,37","7,25","7,2","6,94","6,89","7,53","7,53","7,34","7,66","7,7","7,94","8,31","8,11","8,13","7,85","7,59","7,58","8,05"
1,Brasil,,,2500,50,Natural,2. Non Forest Natural Formation,Restinga Herbácea/Arbustiva,Restinga Herbácea/Arbustiva,Restinga Herbácea/Arbustiva,,1,50,value,"21943,16345","21853,22652","22247,44496","22159,3781","21288,51687","22188,32048","23424,69381","23547,20341","23821,03332","23561,19698","22892,2233","22411,26581","22630,5547","22109,31087","22214,91142","22310,48462","21768,49234","21521,14373","21312,16121","21001,55649","20399,46535","20115,0002","20063,32614","19640,12722","19456,06089","20691,91433","20388,57153","19995,55939","20902,0449","21271,40567","21779,75574","22761,4445","22391,68874","22637,6726","21522,72601","20688,14709","20844,04528","22578,06687"