FEATURE_ID,NAME,LEVEL_1,GEOCODE,index,class_id,level_0,level_1,level_2,level_3,level_4,color,feature_id,edge_size,key,1985,1986,1987,1988,1989,1990,1991,1992,1993,1994,1995,1996,1997,1998,1999,2000,2001,2002,2003,2004,2005,2006,2007,2008,2009,2010,2011,2012,2013,2014,2015,2016,2017,2018,2019,2020,2021,2022
1,Brasil,,,1110,3,Natural,1. Forest,Forest Formation,Forest Formation,Forest Formation,#006400,1,30,relative,3,"2,96","2,96",3,"3,02","3,04","3,06","3,1","3,14","3,17","3,19","3,2","3,23","3,26","3,3","3,32","3,35","3,41","3,48","3,53","3,57","3,61","3,64","3,67","3,7","3,74","3,77","3,81","3,86","3,9","3,94",4,"4,04","4,09","4,15","4,19","4,28","4,44"
1,Brasil,,,1110,3,Natural,1. Forest,Forest Formation,Forest Formation,Forest Formation,#006400,1,30,value,"12798121,76","12605040,03","12555115,94","12640530,06","12696788,55","12729171,55","12772456,67","12857652,49","12959282,93","13042580,57","13042315,18","13013230,68","13059104,58","13105166,04","13167846,32","13203891,41","13277304,99","13433766,37","13577316,05","13694133,98","13772131,85","13856420,61","13937345,77","14007204,1","14090685,49","14204961,36","14320090,73","14439467,36","14599260,08","14743691,3","14874033,87","15070057,53","15200463,97","15352135,06","15508663,7","15639056,98","15877850,2","16385390,45"
1,Brasil,,,1110,3,Natural,1. Forest,Forest Formation,Forest Formation,Forest Formation,#006400,1,60,relative,"5,27","5,17","5,19","5,26","5,31","5,33","5,37","5,44","5,51","5,57","5,62","5,64","5,69","5,75","5,82","5,86","5,92","6,03","6,14","6,24","6,31","6,38","6,44","6,49","6,54","6,59","6,65","6,7","6,78","6,85","6,92","7,03","7,1","7,18","7,28","7,36","7,5","7,78"
1,Brasil,,,1110,3,Natural,1. Forest,Forest Formation,Forest Formation,Forest Formation,#006400,1,60,value,"22514171,62","22044104,32","21999031,09","22170154,48","22277486,71","22326551,2","22405353,74","22568540,21","22766906,25","22913992,24","22934535,18","22896532,35","22998406,97","23095142,44","23224864,41","23303263,81","23434866,12","23723061,46","23979773,54","24191718,69","24329505,13","24482236,07","24628847,26","24743249,58","24868638,31","25051226,75","25248329,61","25422679,56","25665127,95","25901763,31","26113528,93","26459768,78","26685161,25","26948005,06","27204968,75","27432104,51","27835818,95","28708491,44"
1,Brasil,,,1110,3,Natural,1. Forest,Forest Formation,Forest Formation,Forest Formation,#006400,1,90,relative,"7,4","7,23","7,26","7,36","7,43","7,46","7,51","7,61","7,72","7,8","7,87","7,9","7,99","8,07","8,16","8,22","8,31","8,46","8,61","8,75","8,85","8,94","9,02","9,09","9,15","9,22","9,3","9,36","9,45","9,55","9,64","9,79","9,88",10,"10,12","10,23","10,43","10,81"
1,Brasil,,,1110,3,Natural,1. Forest,Forest Formation,Forest Formation,Forest Formation,#006400,1,90,value,"31601201,41","30816352,67","30786402,8","31039350,93","31188594,51","31238029,02","31348261,99","31589715,13","31889222,58","32081173,01","32124111,48","32078961,54","32248688,05","32397661,47","32599212,27","32705931,45","32877832,05","33282016,35","33628824,5","33921468,57","34106549,11","34324887,36","34528970,06","34673959,94","34818046,99","35045492,02","35314069,46","35506364,2","35793510,55","36099489,8","36364200,69","36844939,86","37145768,41","37508304,57","37835000,78",38142105,"38700595,96","39879316,57"
1,Brasil,,,1110,3,Natural,1. Forest,Forest Formation,Forest Formation,Forest Formation,#006400,1,120,relative,"8,91","8,69","8,73","8,85","8,94","8,97","9,03","9,15","9,28","9,38","9,46","9,5","9,61","9,71","9,83","9,9","9,99","10,17","10,35","10,52","10,63","10,75","10,84","10,92","10,98","11,06","11,16","11,22","11,31","11,42","11,52","11,7","11,81","11,95","12,08","12,22","12,46","12,91"
1,Brasil,,,1110,3,Natural,1. Forest,Forest Formation,Forest Formation,Forest Formation,#006400,1,120,value,"38073812,66","37050215,47","37037709,06","37338173,63","37510646,36","37553805,77","37682291,58","37981454,95","38353100,4","38567944,39","38624442,24","38575750,67","38803042,06","38991493,11","39244934,64","39361848,66","39552303,63","40033063,37","40432605,75","40773890,44","40985776,62","41247949,51","41486445,87","41644886,68","41789081,65","42039381,44","42354726,03","42545909,83","42848656,98","43190924,99","43478334,29","44049151,3","44394542,19","44821435,6","45190062,57","45552516,72","46224211,9","47626940,95"
1,Brasil,,,1110,3,Natural,1. Forest,Forest Formation,Forest Formation,Forest Formation,#006400,1,150,relative,"10,51","10,23","10,29","10,43","10,53","10,56","10,63","10,77","10,93","11,05","11,13","11,18","11,32","11,44","11,58","11,66","11,77","11,98","12,18","12,37","12,5","12,64","12,75","12,83","12,9","12,98","13,09","13,15","13,25","13,37","13,48","13,69","13,81","13,97","14,12","14,28","14,56","15,08"
1,Brasil,,,1110,3,Natural,1. Forest,Forest Formation,Forest Formation,Forest Formation,#006400,1,150,value,"44919378,2","43634392,31","43649290,25","43986484,2","44178996,26","44216750,8","44361231,8","44724465,18","45172288,38","45404372,68","45468227,8","45418874,71","45714319,73","45949846,55","46257429,74","46374759,34","46577092,34","47131405,96","47574923,51","47959850,59","48193569,94","48502603,4","48771638,97","48934237,86","49070094,56","49337616,41","49696918,11","49877916,07","50187147,1","50561957,71","50866019,26","51528504,79","51915420,07","52403354,34","52808369,06","53229223,77","54025066,99","55660969,17"
1,Brasil,,,1110,3,Natural,1. Forest,Forest Formation,Forest Formation,Forest Formation,#006400,1,300,relative,"15,32","14,85","14,96","15,13","15,27","15,31","15,4","15,6","15,83","15,99","16,1","16,18","16,4","16,59","16,79","16,87",17,"17,29","17,56","17,82","17,99","18,17","18,31","18,4","18,46","18,55","18,7","18,75","18,86",19,"19,12","19,4","19,57","19,77","19,97","20,21","20,62","21,4"
1,Brasil,,,1110,3,Natural,1. Forest,Forest Formation,Forest Formation,Forest Formation,#006400,1,300,value,"65445257,96","63336657,11","63460350,46","63827120,14","64072858,86","64094316,91","64247433,91","64769872,74","65416768,64","65710610,48","65737918,6","65710445,01","66221565,49","66615699,34","67051115,02","67101928,28","67307563,65","68059182,11","68589792,68","69062573,23","69341096,89","69757942,03","70061619,7","70165502,08","70230298,67","70530348,05","70982549,86","71105471,03","71412917,46","71839150,53","72155984,47","73053574,96","73542404,92","74163008,58","74695233,23","75345928,35","76533011,73","78991695,77"
1,Brasil,,,1110,3,Natural,1. Forest,Forest Formation,Forest Formation,Forest Formation,#006400,1,600,relative,"21,12","20,41","20,56","20,76","20,95","20,99","21,05","21,3","21,61","21,84","21,97","22,11","22,4","22,67","22,91","22,94","23,09","23,44","23,76","24,08","24,29","24,51","24,64","24,69","24,72","24,82","24,97","25,01","25,12","25,27","25,41","25,77","25,97","26,2","26,48","26,81","27,39","28,56"
1,Brasil,,,1110,3,Natural,1. Forest,Forest Formation,Forest Formation,Forest Formation,#006400,1,600,value,"90239456,22","87031465,56","87226702,69","87557881,78","87920038,33","87885081,86","87835209,45","88424050,24","89294683,02","89762799,65","89704512,93","89763655,15","90453646,36","91063475,44","91491207,9","91246697,28","91374066,59","92239492,51","92790066,15","93330080,92","93639416,73","94068591,39","94264525,11","94137163,38","94043743,65","94340624,09","94805376,95","94849284,17","95121779,08","95568537,89","95910563,08","97038695,89","97629261,35","98309367,98","99018219,16","99962963,86","101653447,8","105395565,4"
1,Brasil,,,1110,3,Natural,1. Forest,Forest Formation,Forest Formation,Forest Formation,#006400,1,1000,relative,"26,32","25,33","25,49","25,71","25,96","25,99","25,98","26,28","26,67","26,99","27,14","27,32","27,63","27,97","28,19","28,12","28,25","28,62","28,97","29,34","29,59","29,8","29,9","29,88","29,89","29,99","30,13","30,15","30,26","30,43","30,6","31,01","31,24","31,46","31,8","32,19","32,93","34,54"
1,Brasil,,,1110,3,Natural,1. Forest,Forest Formation,Forest Formation,Forest Formation,#006400,1,1000,value,"112448826,7","108004622,7","108126023,3","108440277,2","108972230,9","108812398,7","108416063,9","109065996,6","110217871,9","110946235,8","110827374,6","110922600,7","111574184,1","112326526,4","112560364,5","111854022,8","111832052,9","112627946,9","113143174,5","113736635,5","114063604,5",114400998,"114383281,8","113938689,2",113722049,"113991800,1",114383379,114383503,"114597292,9","115065645,6","115474265,6","116778399,3","117430814,8","118052289,1","118907377,9","120016314,4","122215053,8","127465668,9"
1,Brasil,,,1120,4,Natural,1. Forest,Savanna Formation,Savanna Formation,Savanna Formation,#00ff00,1,30,relative,"10,15","10,15","10,11","10,2","10,26","10,33","10,42","10,5","10,51","10,57","10,59","10,59","10,56","10,54","10,54","10,58","10,64","10,68","10,75","10,89","10,99","11,03","11,13","11,17","11,2","11,24","11,34","11,43","11,61","11,77","11,9","11,98","12,06","12,31","12,35","12,45","12,54","12,7"
1,Brasil,,,1120,4,Natural,1. Forest,Savanna Formation,Savanna Formation,Savanna Formation,#00ff00,1,30,value,"13539454,83","13619118,53","13471415,28",13451385,"13383963,41","13334077,85","13326222,63","13261718,48","13131375,69","13122818,54","13058698,28","12993995,9","12898340,72","12774550,44","12685265,69","12651996,45","12614712,61","12546759,71","12494263,13","12511494,89","12528331,01","12536383,62","12608233,82","12632824,86","12638755,87","12646460,6","12722686,45","12727593,96","12834241,22","12915785,23","12998411,62","13016858,91","13048471,72","13257826,26","13225945,48","13241215,46","13234062,99","13275624,07"
1,Brasil,,,1120,4,Natural,1. Forest,Savanna Formation,Savanna Formation,Savanna Formation,#00ff00,1,60,relative,"17,79","17,74","17,69","17,86","17,98","18,11","18,27","18,39","18,42","18,5","18,55","18,56","18,52","18,5","18,52","18,59","18,69","18,77","18,9","19,13","19,3","19,38","19,54","19,62","19,68","19,74","19,92","20,1","20,41","20,69","20,88",21,"21,14","21,51","21,58","21,74","21,89","22,18"
1,Brasil,,,1120,4,Natural,1. Forest,Savanna Formation,Savanna Formation,Savanna Formation,#00ff00,1,60,value,"23730978,13","23797780,53","23572087,38","23562309,43","23456471,57","23362709,14","23362843,9","23230885,84","23018555,73","22980715,58","22876173,93","22770759,24","22624501,07","22427531,56","22285564,39","22226522,69","22149444,95","22041822,36","21968315,05","21967559,83","22002972,47","22033828,74","22140407,55","22191097,55","22210087,83","22214793,77","22352114,28","22379778,6","22562836,89","22696904,51","22808918,19","22823619,09","22871158,37","23164381,47","23102757,89","23117290,36","23094697,52","23178445,28"
1,Brasil,,,1120,4,Natural,1. Forest,Savanna Formation,Savanna Formation,Savanna Formation,#00ff00,1,90,relative,"25,05","24,95","24,88","25,12","25,28","25,44","25,66","25,81","25,85","25,94","26,01","26,02","25,98","25,95","25,99","26,08","26,2","26,32","26,5","26,79","27,03","27,16","27,36","27,47","27,55","27,62","27,88","28,13","28,55","28,93","29,16","29,32","29,5","29,96","30,04","30,26","30,45","30,86"
1,Brasil,,,1120,4,Natural,1. Forest,Savanna Formation,Savanna Formation,Savanna Formation,#00ff00,1,90,value,"33418127,99","33462245,19","33158270,33","33138292,4","32978691,33","32819264,54","32819676,88","32598754,17","32305072,2","32221105,91","32069088,45","31922399,31","31737205,82","31467270,86","31282483,02","31191534,05","31060346,8","30915011,96","30810376,23","30769877,83","30813646,84","30869187,22","30994192,37","31067775,98","31091845,2","31084588,02","31280343,22","31317596,29","31564551,77","31739544,89","31852252,26","31857228,55","31911677,91","32263854,68","32166384,68","32172225,26","32125791,58","32251256,9"
1,Brasil,,,1120,4,Natural,1. Forest,Savanna Formation,Savanna Formation,Savanna Formation,#00ff00,1,120,relative,"30,32","30,19","30,11","30,38","30,56","30,72","30,99","31,14","31,18","31,27","31,35","31,35","31,32","31,29","31,34","31,44","31,57","31,72","31,93","32,24","32,52","32,67","32,9","33,03","33,12","33,2","33,51","33,81","34,31","34,74","34,99","35,16","35,37","35,89","35,98","36,23","36,44","36,94"
1,Brasil,,,1120,4,Natural,1. Forest,Savanna Formation,Savanna Formation,Savanna Formation,#00ff00,1,120,value,"40459383,51","40491090,17","40126364,76","40077265,09","39862102,38","39637821,86","39627971,88","39326601,16","38968127,5","38840826,25","38649668,86","38472289,86","38260472,75","37933808,98","37720358,62","37602718,34","37424191,07","37251262,98","37113117,48","37030239,13","37070360,43","37139303,22","37268850,9","37358076,28","37381369,65","37362257,63","37598699,9","37635053,3","37923261,57","38116939,3","38212385,97","38206157,08","38262290,25","38648941,92","38522446,04","38519122,52","38451275,82","38599246,08"
1,Brasil,,,1120,4,Natural,1. Forest,Savanna Formation,Savanna Formation,Savanna Formation,#00ff00,1,150,relative,"35,96","35,78","35,69","35,98","36,17","36,34","36,64","36,78","36,83","36,92",37,37,"36,97","36,94","37,01","37,12","37,26","37,43","37,66",38,"38,3","38,48","38,73","38,89","38,98","39,07","39,43","39,76","40,34","40,83","41,08","41,27","41,5","42,08","42,17","42,45","42,69","43,27"
1,Brasil,,,1120,4,Natural,1. Forest,Savanna Formation,Savanna Formation,Savanna Formation,#00ff00,1,150,value,"47974939,28","47994415,73","47565036,84","47470888,98","47188750,4","46883811,1","46854503,39","46457468,07","46028914,97","45849082,88","45616031,64","45406992,74","45170714,87","44783454,11","44543900,25","44397746,86","44162921,38","43960953,32","43779906,23","43640439,77","43667731,96","43748100,26","43874300,3","43981453,69","43999082,84","43965055,44","44241649,93","44267779,02","44594352,97","44802351,89","44867043,47","44845418,7","44899502,53","45313128,96","45155904,69","45138727,8","45043342,25",45211359
1,Brasil,,,1120,4,Natural,1. Forest,Savanna Formation,Savanna Formation,Savanna Formation,#00ff00,1,300,relative,"52,86","52,58","52,45","52,73","52,91","53,02","53,36","53,44","53,48","53,53","53,64","53,66","53,66","53,58","53,71","53,86","53,97","54,21","54,46","54,8","55,14","55,37","55,63","55,87","55,96","56,05","56,55","56,94","57,71","58,3","58,46","58,68","58,95","59,64","59,74","60,09","60,36","61,11"
1,Brasil,,,1120,4,Natural,1. Forest,Savanna Formation,Savanna Formation,Savanna Formation,#00ff00,1,300,value,"70526849,03","70534583,4","69902633,26","69568049,52","69020050,97","68405951,77","68232922,06","67503140,69","66846066,58","66486047,33","66139285,07","65841413,01","65551536,7","64966779,56","64645193,06","64408212,45","63975565,47","63673475,83","63315215,35","62938734,01","62860566,51","62945711,76","63019492,73","63185113,09","63162588,65","63075161,23","63446245,4","63387909,29","63788252,53","63971636,2","63856870,63","63762382,32","63784059,4","64216572,05","63967027,55","63887786,46","63692508,53","63860368,8"
1,Brasil,,,1120,4,Natural,1. Forest,Savanna Formation,Savanna Formation,Savanna Formation,#00ff00,1,600,relative,"70,29","69,97","69,77","69,96","70,05","70,06","70,33","70,35","70,36","70,35","70,51","70,53","70,59","70,48","70,62","70,78","70,85","71,12","71,34","71,57","71,84","72,1","72,32","72,64","72,7","72,79","73,35","73,67","74,48","75,07","75,1","75,27","75,53","76,17","76,27","76,61","76,91","77,7"
1,Brasil,,,1120,4,Natural,1. Forest,Savanna Formation,Savanna Formation,Savanna Formation,#00ff00,1,600,value,"93790528,62","93853975,46","92984839,45","92288766,53","91387025,31","90391913,13","89935771,72","88849934,45","87937133,97","87370726,94","86931494,41","86550266,35","86240498,24","85446575,69","85000765,65","84651406,3","83986692,32","83532908,59","82931544,45","82199860,33","81907136,59","81959085,49","81932788,97","82143065,5","82057644,6","81912460,29","82297339,13","82013833,73","82335270,53","82374496,24","82022972,23","81791479,41","81715173,27","82017678,97","81660913,25","81461972,33","81148882,18","81186184,25"
1,Brasil,,,1120,4,Natural,1. Forest,Savanna Formation,Savanna Formation,Savanna Formation,#00ff00,1,1000,relative,"81,29","80,97","80,72","80,82","80,84","80,78","80,97","80,96","80,95","80,93","81,11","81,15","81,24","81,11","81,23","81,37","81,42","81,67","81,85","81,99","82,19","82,43","82,62","82,93","82,99","83,08","83,61","83,8","84,45","84,94","84,92","85,04","85,23","85,74","85,82","86,1","86,37","87,06"
1,Brasil,,,1120,4,Natural,1. Forest,Savanna Formation,Savanna Formation,Savanna Formation,#00ff00,1,1000,value,"108465547,6","108616004,1","107569789,2",106622579,"105467290,4","104231555,2","103542155,4","102253460,3","101179414,6","100511181,1","99996704,33","99574851,94","99246032,87","98335502,47","97764971,69","97312179,6","96508920,42","95915557,08","95148017,4","94170054,61","93699093,7","93704400,25","93593183,73","93787915,96","93675259,84","93488592,54","93798653,14","93292317,9","93354777,91","93203664,55","92754439,94","92409857,81","92211964,43","92316708,88","91888603,05","91548217,43","91136391,26","90973985,82"
1,Brasil,,,1130,5,Natural,1. Forest,Magrove,Magrove,Magrove,#687537,1,30,relative,"0,57","0,51","0,49","0,51","0,53","0,54","0,52","0,52","0,52","0,53","0,55","0,56","0,56","0,58","0,58","0,66","0,7","0,71","0,7","0,7","0,7","0,69","0,69","0,69","0,7","0,7","0,71","0,71","0,71","0,72","0,72","0,72","0,71","0,71","0,71","0,72","0,74","0,76"
1,Brasil,,,1130,5,Natural,1. Forest,Magrove,Magrove,Magrove,#687537,1,30,value,"5758,480358","5183,342952","4984,250191","5212,638906","5371,610481","5527,847555","5372,08011","5389,917466","5374,004426","5404,565132","5642,87306","5764,803602","5820,87392","5945,614229","5993,390635","6889,633449","7237,473431","7436,174869","7334,783371","7344,999248","7278,70603","7232,107603","7197,083562","7133,900114","7291,115764","7292,539638","7432,619854","7418,932799","7473,303013","7578,59639","7569,222935","7554,333536","7344,996037","7365,893995","7435,857432","7494,089152","7742,852606","7899,30402"
1,Brasil,,,1130,5,Natural,1. Forest,Magrove,Magrove,Magrove,#687537,1,60,relative,"1,45","1,35","1,32","1,36","1,39","1,42","1,4","1,4","1,4","1,4","1,43","1,45","1,47","1,51","1,53","1,69","1,76","1,79","1,78","1,78","1,78","1,77","1,76","1,75","1,77","1,77","1,79","1,8","1,82","1,85","1,85","1,85","1,81","1,83","1,83","1,85","1,89","1,97"
1,Brasil,,,1130,5,Natural,1. Forest,Magrove,Magrove,Magrove,#687537,1,60,value,"14665,51536","13612,72781","13285,59535","13737,1771","14171,18418","14590,76094","14370,35467","14410,00431","14356,83184","14386,78576","14814,51537","15030,77824","15177,029","15483,14176","15656,33541","17542,82897","18275,81841","18704,50887","18567,53015","18616,4399","18548,51646","18405,90001","18340,67115","18203,08906","18497,44306","18486,63251","18776,92337","18820,33646","19079,55773","19381,25618","19342,66992","19237,62899","18803,10724","18955,16735","19091,5765","19215,56244","19800,70932","20419,53754"
1,Brasil,,,1130,5,Natural,1. Forest,Magrove,Magrove,Magrove,#687537,1,90,relative,"2,81","2,65","2,62","2,67","2,75","2,81","2,79","2,79","2,78","2,79","2,84","2,87","2,89","2,96","2,99","3,24","3,36","3,43","3,42","3,43","3,44","3,4","3,4","3,38","3,42","3,41","3,44","3,46","3,52","3,58","3,58","3,57","3,52","3,56","3,57","3,6","3,66","3,87"
1,Brasil,,,1130,5,Natural,1. Forest,Magrove,Magrove,Magrove,#687537,1,90,value,"28367,55101","26770,94231","26403,50066","27064,71304","27982,82784","28828,45474","28676,40985","28700,97159","28631,55992","28670,48116","29347,81827","29671,44443","29857,75976","30427,87165","30653,8059","33606,68302","34929,83965","35734,70338","35687,92794","35885,85988","35843,11319","35478,34507","35387,10157","35231,74562","35710,82279","35642,65403","36060,28803","36226,13782","36847,92047","37487,10413","37395,26215","37178,66699","36508,34468","36915,7322","37135,1328","37308,55828","38277,7884","40170,2911"
1,Brasil,,,1130,5,Natural,1. Forest,Magrove,Magrove,Magrove,#687537,1,120,relative,"4,14","3,93","3,91","3,97","4,09","4,18","4,16","4,17","4,17","4,17","4,25","4,28","4,3","4,4","4,43","4,74","4,91","5,01","5,02","5,05","5,05",5,"4,99","4,98","5,03",5,"5,03","5,07","5,17","5,25","5,26","5,24","5,18","5,25","5,26","5,3","5,37","5,75"
1,Brasil,,,1130,5,Natural,1. Forest,Magrove,Magrove,Magrove,#687537,1,120,value,"41815,8356","39792,08206","39405,45106","40202,64155","41619,4009","42858,54944","42870,3126","42896,28449","42857,54385","42954,86307","43879,35785","44291,67404","44484,90793","45272,24091","45438,27392","49175,57675","51057,11824","52264,1349","52382,97193","52737,43716","52662,50669","52081,98752","52010,04706","51887,34019","52465,9589","52285,69838","52735,50248","53048,33372","54087,56927","55058,42979","54914,73707","54603,44346","53783,91196","54473,42898","54775,66053","54925,63392","56188,13076","59656,12139"
1,Brasil,,,1130,5,Natural,1. Forest,Magrove,Magrove,Magrove,#687537,1,150,relative,"5,93","5,66","5,64","5,7","5,88","6,01","6,02","6,03","6,04","6,05","6,16","6,2","6,22","6,36","6,37","6,74","6,96","7,12","7,16","7,21","7,2","7,12","7,13","7,14","7,18","7,13","7,15","7,21","7,37","7,49","7,49","7,47","7,41","7,52","7,54","7,56","7,64","8,28"
1,Brasil,,,1130,5,Natural,1. Forest,Magrove,Magrove,Magrove,#687537,1,150,value,"59870,75964","57219,51542","56900,06122","57777,50452","59891,46569","61678,54065","62014,90695","62094,38976","62148,79859","62321,54091","63626,90445","64154,45904","64339,45495","65428,89892","65353,67651","69941,88584","72464,73173","74262,36992","74724,71014","75295,14504","75125,94314","74208,64414","74269,25331","74316,523","74953,51944","74556,9178","74960,54919","75485,64395","77100,76566","78497,86867","78256,83054","77864,28507","76953,59763","78049,40929","78455,36955","78431,24979","79964,66331","85950,51619"
1,Brasil,,,1130,5,Natural,1. Forest,Magrove,Magrove,Magrove,#687537,1,300,relative,"13,69","13,14","13,2","13,22","13,72","14,03","14,26","14,36","14,44","14,47","14,73","14,78","14,75","14,99","14,8","15,29","15,72","16,1","16,33","16,44","16,35","16,16","16,3","16,43","16,46","16,29","16,22","16,43","16,81","17,09","17,06","17,06","17,02","17,3","17,39","17,34","17,39","19,42"
1,Brasil,,,1130,5,Natural,1. Forest,Magrove,Magrove,Magrove,#687537,1,300,value,"138288,406","132986,8712","133186,0888","133990,8383","139742,1548","143972,4713","146803,046","147745,9602","148503,4972","148971,0557","152141,5953","152920,2965","152558,8339","154205,0926","151886,0773","158730,2047","163571,6477","167851,0925","170446,9476","171760,1012","170620,2967","168484,6126","169770,1541","171076,0755","171789,3271","170201,7023","170056,4685","171973,2045","175840,54","179240,0737","178267,3302","177808,8744","176735,6648","179608,893","180947,7808","179811,6203","181915,4466","201624,4914"
1,Brasil,,,1130,5,Natural,1. Forest,Magrove,Magrove,Magrove,#687537,1,600,relative,"27,6","26,35","26,58","26,49","27,71","28,26","29,02","29,45","29,69","29,73","30,08","30,14","30,08","30,21","29,3","29,93","30,65","31,38","31,89","31,92","31,65","31,48","31,98","32,44","32,33","31,96","31,9","32,55","33,16","33,7","33,56","33,55","33,49","34,04","34,35","34,16","34,1","38,42"
1,Brasil,,,1130,5,Natural,1. Forest,Magrove,Magrove,Magrove,#687537,1,600,value,"278798,2665","266553,8673","268128,6939","268532,2659","282247,4009","289913,5005","298680,5916","303009,8746","305288,4582","306010,1365","310592,8843","311721,5722","311190,9744","310746,2578","300711,177","310669,5178","318890,5135","327160,3492","332829,6021","333483,042","330155,2682","328233,9627","333081,7681","337736,7772","337448,1623","334015,3173","334416,9396","340624,8762","346811,3657","353328,931","350605,8706","349601,8384","347721,1774","353374,4532","357448,1245","354261,8618","356794,4062","398905,0382"
1,Brasil,,,1130,5,Natural,1. Forest,Magrove,Magrove,Magrove,#687537,1,1000,relative,"43,02","40,7","41,04","40,63","42,89","43,52","44,75","45,51","46,06","46,05","46,17","46,37","46,33","46,1","44,29","44,96","45,81","46,84","47,53","47,34","47,07","47,05","47,95","48,68","48,35","47,79","47,92","48,97","49,57","50,21","50,04","50,02","49,86","50,46","51,02","50,58","50,37","56,03"
1,Brasil,,,1130,5,Natural,1. Forest,Magrove,Magrove,Magrove,#687537,1,1000,value,"434577,2228","411803,2134","414034,2203","411872,9787","436909,5714","446511,4014","460598,853","468318,214","473557,6615","474030,9348","476744,5","479613,1317","479318,5122","474200,1584","454541,5114","466641,6334","476653,1835","488374,1665","496035,8785","494548,544","491049,2178","490534,1117","499386,8422","506773,4161","504641,0475","499386,6486","502329,0828","512523,0495","518436,3928","526450,4426","522895,4113","521233,7046","517686,9163","523885,2141","530911,7022","524580,4921","527039,555","581789,2019"
1,Brasil,,,1140,49,Natural,1. Forest,Wooded Restinga,Wooded Restinga,Wooded Restinga,#6b9932,1,30,relative,"11,15",11,"11,1","11,23","11,2","11,14","11,2","11,15",11,"10,74","10,66","10,63","10,61","10,53","10,43","10,45","10,39","10,33","10,39","10,38","10,3","10,22","10,17","10,21","10,22","10,22","10,25","10,4","10,65","10,78","10,73","10,72","10,77","10,76","10,78","10,82","10,94","11,01"
1,Brasil,,,1140,49,Natural,1. Forest,Wooded Restinga,Wooded Restinga,Wooded Restinga,#6b9932,1,30,value,"77687,37826","76099,02651","75309,22304","74949,39572","73685,97619","72501,40641","72156,51538","71088,0881","69717,83269","68085,26839","67558,00371","67237,45333","66517,07548","65474,99165","64366,69203","64163,25586","63838,28073","63497,70826","63775,21479","63558,0317","63464,57197","63334,77459","63189,27021","63267,55986","63471,21191","63483,6042","64096,8231","65019,14987","66343,41405","66995,49874","67102,4542","66901,44343","67344,2499","67455,86542","67800,3216","67975,06425","68393,3146","69023,5017"
1,Brasil,,,1140,49,Natural,1. Forest,Wooded Restinga,Wooded Restinga,Wooded Restinga,#6b9932,1,60,relative,"18,82","18,46","18,64","18,82","18,74","18,66","18,74","18,65","18,4","18,01","17,89","17,82","17,78","17,67","17,5","17,55","17,46","17,36","17,44","17,4","17,26","17,14","17,05","17,12","17,11","17,1","17,11","17,35","17,75","17,93","17,85","17,82","17,89","17,88","17,91","17,95","18,12","18,3"
1,Brasil,,,1140,49,Natural,1. Forest,Wooded Restinga,Wooded Restinga,Wooded Restinga,#6b9932,1,60,value,"131108,8562","127786,3299","126500,7029","125645,4697","123340,7734","121365,9325","120681,5286","118958,2336","116662,3074","114154,1928","113405,091","112719,12","111469,3298","109888,2197","108035,767","107778,3888","107261,9793","106651,7298","107024,8382","106548,7132","106353,4464","106158,9606","105973,2331","106099,983","106240,0779","106187,1394","107066,2161","108539,9415","110516,4941","111403,8754","111645,5649","111205,6734","111828,6185","112013,9061","112591,6116","112779,0878","113285,4841","114701,5467"
1,Brasil,,,1140,49,Natural,1. Forest,Wooded Restinga,Wooded Restinga,Wooded Restinga,#6b9932,1,90,relative,"25,55","24,99","25,21","25,41","25,25","25,14","25,21","25,09","24,76","24,28","24,13","24,02","23,99","23,86","23,64","23,7","23,59","23,44","23,54","23,47","23,29","23,15","23,05","23,13","23,08","23,05","23,04","23,34","23,85","24,06","23,95","23,91","23,99","23,97","24,02","24,09","24,28","24,58"
1,Brasil,,,1140,49,Natural,1. Forest,Wooded Restinga,Wooded Restinga,Wooded Restinga,#6b9932,1,90,value,"178035,248","172940,6576","171048,4132","169585,0261","166210,8329","163517,193","162417,5531","160048,0922","156959,5821","153887,8605","152958,3783","151944,8934","150354,4651","148401,8478","145915,3135","145592,8155","144956,481","144035,1817","144470,7553","143770,8344","143514,6096","143416,4391","143221,9029","143376,0222","143317,0435","143180,6779","144167,6415","146014,9001","148523,4609","149480,8738","149852,1644","149185,2008","149917,1101","150217,0823","151050,8333","151314,0801","151820,7437","154103,2963"
1,Brasil,,,1140,49,Natural,1. Forest,Wooded Restinga,Wooded Restinga,Wooded Restinga,#6b9932,1,120,relative,"30,18","29,46","29,7","29,9","29,69","29,55","29,62","29,47","29,08","28,55","28,37","28,24","28,21","28,09","27,84","27,91","27,78","27,6","27,71","27,62","27,41","27,27","27,15","27,25","27,16","27,14","27,11","27,43","27,99","28,2","28,09","28,03","28,1","28,09","28,17","28,26","28,46","28,85"
1,Brasil,,,1140,49,Natural,1. Forest,Wooded Restinga,Wooded Restinga,Wooded Restinga,#6b9932,1,120,value,"210267,507","203888,5845","201546,2701","199552,9153","195414,9305","192227,5373","190808,1042","187931,9769","184330,8274","180934,818","179852,7553","178626,6096","176847,7713","174739,7741","171839,4895","171424,0685","170724,7821","169562,8747","170010,7151","169192,5466","168885,572","168922,5056","168718,3684","168894,12","168693,9653","168557,5165","169569,1834","171568,5017","174327,6969","175253,4047","175704,4197","174877,0396","175635,3288","176035,4074","177112,7835","177500,5252","177965,9354","180872,0645"
1,Brasil,,,1140,49,Natural,1. Forest,Wooded Restinga,Wooded Restinga,Wooded Restinga,#6b9932,1,150,relative,"34,93","34,07","34,34","34,51","34,24","34,08","34,14","33,95","33,5","32,93","32,72","32,57","32,56","32,45","32,17","32,24","32,11","31,87","31,98","31,89","31,64","31,51","31,37","31,49","31,37","31,36","31,29","31,64","32,26","32,46","32,33","32,25","32,32","32,31","32,41","32,54","32,76","33,23"
1,Brasil,,,1140,49,Natural,1. Forest,Wooded Restinga,Wooded Restinga,Wooded Restinga,#6b9932,1,150,value,"243388,9043","235764,9378","232999,1155","230372,9729","225380,1678","221699,851","219919,9036","216517,264","212360,1764","208721,9538","207463,8262","206027,4801","204113,6167","201853,9315","198564,1672","198051,2365","197276,1232","195822,6094","196232,0983","195301,2065","194970,0863","195177,8859","194954,8225","195166,753","194839,538","194767,6407","195772,5058","197876,742","200912,0033","201727,2252","202231,314","201220,9619","201991,2876","202488,2197","203795,656","204389,432","204835,0046","208364,3548"
1,Brasil,,,1140,49,Natural,1. Forest,Wooded Restinga,Wooded Restinga,Wooded Restinga,#6b9932,1,300,relative,"48,61","47,39","47,7","47,84","47,33","47,12","47,12","46,85","46,22","45,63","45,34","45,15","45,2","45,1","44,71","44,8","44,61","44,21","44,3","44,19","43,86","43,71","43,57","43,75","43,61","43,65","43,5","43,87","44,63","44,75","44,54","44,41","44,42","44,42","44,61","44,82","45,12","45,77"
1,Brasil,,,1140,49,Natural,1. Forest,Wooded Restinga,Wooded Restinga,Wooded Restinga,#6b9932,1,300,value,"338702,5589","327952,0226","323686,4131","319304,6336","311493,0557","306517,7034","303532,5235","298783,7366","292999,6525","289190,5741","287478,1442","285562,3038","283290,8818","280521,9386","275979,424","275169,4036","274084,724","271664,7359","271803,8208","270667,0158","270216,0322","270738,0594","270733,2633","271139,2206","270835,897","271096,7632","272125,6096","274408,7377","277929,1293","278098,9325","278636,4303","277095,6382","277605,7256","278336,2366","280496,3441","281562,1645","282105,888","286980,9192"
1,Brasil,,,1140,49,Natural,1. Forest,Wooded Restinga,Wooded Restinga,Wooded Restinga,#6b9932,1,600,relative,"62,89","61,65","61,94","62,12","61,34","61,19","61,05","60,72","59,96","59,39","58,96","58,74","58,71","58,68","58,21","58,3","58,02","57,45","57,53","57,39","56,97","56,79","56,7","56,96","56,77","56,87","56,72","57,17","57,95","57,94","57,64","57,45","57,37","57,36","57,67","57,95","58,37","59,05"
1,Brasil,,,1140,49,Natural,1. Forest,Wooded Restinga,Wooded Restinga,Wooded Restinga,#6b9932,1,600,value,"438203,7994","426652,2846","420329,6416","414653,2547","403706,5137","398076,5955","393247,4683","387258,2972","380152,1169","376348,8975","373825,74","371500,8","368007,5127","364975,0832","359289,3293","358085,439","356520,2344","352975,3244","352990,3216","351477,8658","351005,9649","351749,4612","352330,5016","352983,8197","352578,3918","353188,0493","354822,2908","357599,6762","360893,1405","360009,7062","360628,7317","358479,1596","358579,0524","359445,2493","362592,2111","364031,5696","364924,4995","370187,0636"
1,Brasil,,,1140,49,Natural,1. Forest,Wooded Restinga,Wooded Restinga,Wooded Restinga,#6b9932,1,1000,relative,"73,02","72,01","72,31","72,55","71,62","71,49","71,15","70,92","70,2","69,64","69,12","68,94","68,84","68,87","68,41","68,65","68,34","67,56","67,72","67,59","67,11","66,85","66,79","67,02","66,82","66,85","66,6","67,14","67,85","67,73","67,4","67,18","67,16","67,14","67,64","67,88","68,23","68,91"
1,Brasil,,,1140,49,Natural,1. Forest,Wooded Restinga,Wooded Restinga,Wooded Restinga,#6b9932,1,1000,value,"508780,4413","498347,5954","490688,2419","484228,9988","471331,361","465071,8364","458329,21","452301,5691","445064,5744","441353,4307","438193,8413","436063,1032","431495,6114","428359,2113","422248,3887","421649,1785","419896,001","415106,9571","415546,9054","413991,0379","413531,3343","414063,1549","415043,1898","415378,8947","414977,5548","415204,7774","416673,5677","419953,8698","422546,7474","420868,7812","421671,5745","419149,1866","419732,6514","420740,3891","425268,9457","426388,3865","426575,416","432044,9268"
1,Brasil,,,1150,6,Natural,1. Forest,Flooded Forest,Flooded Forest,Flooded Forest,#76a5af,1,30,relative,"0,38","0,32","0,32","0,34","0,35","0,35","0,38","0,42","0,47","0,47","0,48","0,51","0,54","0,59","0,61","0,63","0,64","0,65","0,65","0,65","0,66","0,67","0,66","0,68","0,69","0,71","0,71","0,74","0,79","0,82","0,84","0,89","0,91","0,89","0,87","0,84","0,89","0,98"
1,Brasil,,,1150,6,Natural,1. Forest,Flooded Forest,Flooded Forest,Flooded Forest,#76a5af,1,30,value,"73989,08671","60684,82515","61794,26958","66042,7976","66728,17669","66710,44604","72520,87482","81079,72115","89643,60952","90750,77118","92243,28164","96328,57457","103103,195","112677,0547","116066,6351","120699,332","122823,2935","124347,0604","124030,1919","123802,7435","126076,7774","128311,9712","126918,5438","129490,5928","131598,1538","136548,0744","135913,9582","141435,4863","151031,816","156733,1615","161343,6355","170469,6224","172853,4816","170408,051","166612,0446","159902,7669","169335,6086","184185,6526"
1,Brasil,,,1150,6,Natural,1. Forest,Flooded Forest,Flooded Forest,Flooded Forest,#76a5af,1,60,relative,"0,83","0,69","0,7","0,74","0,74","0,74","0,8","0,89","0,99",1,"1,01","1,05","1,12","1,22","1,26","1,29","1,31","1,32","1,32","1,33","1,36","1,38","1,37","1,39","1,41","1,45","1,45","1,5","1,59","1,64","1,69","1,78","1,81","1,79","1,75","1,68","1,8","1,98"
1,Brasil,,,1150,6,Natural,1. Forest,Flooded Forest,Flooded Forest,Flooded Forest,#76a5af,1,60,value,"160331,9289","132596,0166","134440,1505","142015,0052","142363,7801","142759,5389","154045,8091","170624,8041","188806,2537","191229,6436","194064,4366","201109,7618","213343,3446","232595,335","238280,5595","246408,0933","250869,8738","253495,5722","253940,7354","254462,5146","260362,2913","264701,5183","261927,3323","266188,5383","270005,6506","278830,6033","277346,5279","286769,765","304313,9609","314464,1609","323222,7724","340580,6752","345670,4138","341424,2531","332523,6271","320149,9089","340366,3852","374257,5724"
1,Brasil,,,1150,6,Natural,1. Forest,Flooded Forest,Flooded Forest,Flooded Forest,#76a5af,1,90,relative,"1,44","1,21","1,22","1,27","1,27","1,27","1,36","1,51","1,67","1,68","1,71","1,77","1,85","2,01","2,06","2,1","2,13","2,15","2,16","2,18","2,23","2,26","2,24","2,27","2,3","2,37","2,35","2,42","2,55","2,63","2,7","2,85","2,89","2,86","2,79","2,7","2,88","3,19"
1,Brasil,,,1150,6,Natural,1. Forest,Flooded Forest,Flooded Forest,Flooded Forest,#76a5af,1,90,value,"278574,7775","231959,7591","233950,322","244300,1517","243392,8003","243671,0966","261091,9557","288031,2122","318303,399","322530,097","326579,1271","336636,3652","353687,2748","383473,4349","390675,0347","401550,7665","409300,0712","412943,3093","414827,3624","417238,6265","427676,7946","434178,9114","429551,1615","435014,1991","441012,3389","453852,7812","451334,0734","463949,5962","489322,4082","503956,1466","516601,6825","543342,0954","551196,5891","545061,4518","530994,8899","513368,2577","545519,5995","601101,7972"
1,Brasil,,,1150,6,Natural,1. Forest,Flooded Forest,Flooded Forest,Flooded Forest,#76a5af,1,120,relative,2,"1,67","1,68","1,74","1,74","1,73","1,85","2,04","2,25","2,28","2,3","2,38","2,48","2,68","2,73","2,77","2,82","2,84","2,86","2,89","2,96",3,"2,96","2,99","3,04","3,12","3,1","3,18","3,34","3,43","3,52","3,7","3,76","3,71","3,63","3,53","3,75","4,16"
1,Brasil,,,1150,6,Natural,1. Forest,Flooded Forest,Flooded Forest,Flooded Forest,#76a5af,1,120,value,"385204,6901","321883,3019","323287,2554","334988,6671","332526,9784","332066,1738","354319,485","390219,4732","430166,0714","436388,8558","440955,4902","453072,465","472748,2899","509932,1918","517266,8064","530027,1669","540977,0346","545387,2123","548660,8284","552896,1411","567050,1705","574883,7523","568336,9355","574150,2956","581742,6132","598073,8517","594775,1419","609104,5664","640136,1367","657997,3836","673182,5778","706901,6759","716352,3794","708605,4774","691572,1851","670878,1168","711616,4567","784385,4402"
1,Brasil,,,1150,6,Natural,1. Forest,Flooded Forest,Flooded Forest,Flooded Forest,#76a5af,1,150,relative,"2,71","2,28","2,28","2,34","2,32","2,3","2,45","2,71","2,98","3,02","3,04","3,13","3,24","3,48","3,53","3,57","3,65","3,67","3,7","3,74","3,83","3,88","3,83","3,86","3,91","4,02","3,99","4,08","4,26","4,37","4,47","4,7","4,77","4,71","4,61","4,5","4,78","5,29"
1,Brasil,,,1150,6,Natural,1. Forest,Flooded Forest,Flooded Forest,Flooded Forest,#76a5af,1,150,value,"523078,4037","437912,4551","437488,881","449726,9856","444853,8672","443028,0139","470514,8887","517396,5343","569042,3141","578331,3329","582886,6422","597027,9677","618580,8267","663625,2564","670201,3915","684687,9838","699717,5712","704556,9987","709579,3646","716492,0233","734927,0342","743779,1599","734473,805","739970,5036","749310,4368","769863,3695","765661,8217","780514,7626","817260,9991","838253,1664","856029,2066","897552,0331","908715,7194","898689,8613","878662,4085","855711,8188","906036,9271","997868,001"
1,Brasil,,,1150,6,Natural,1. Forest,Flooded Forest,Flooded Forest,Flooded Forest,#76a5af,1,300,relative,"5,7","4,79","4,7","4,73","4,66","4,59","4,83","5,3","5,81","5,94","5,95","6,05","6,16","6,53","6,54","6,55","6,68","6,69","6,74","6,83",7,"7,04","6,91","6,9","6,98","7,17","7,14","7,18","7,42","7,57","7,71","8,07","8,15","8,05","7,95","7,84","8,31","9,25"
1,Brasil,,,1150,6,Natural,1. Forest,Flooded Forest,Flooded Forest,Flooded Forest,#76a5af,1,300,value,"1099943,997","921724,2623","903071,9752","908007,0049","891844,1912","881957,8023","926374,7716","1014162,25","1109427,946","1137763,559","1139370,566","1153922,63","1174839,614","1244823,528","1241521,848","1254099,786","1280507,335","1282518,072","1292827,412","1308804,429","1342315,168","1351068,955","1326606,88","1323917,181","1336533,261","1374852,853","1368378,553","1373598,776","1423325,055","1451757,603","1475974,035","1539904,021","1554180,917","1536780,425","1513719,939","1491130,083","1575290,694","1744916,859"
1,Brasil,,,1150,6,Natural,1. Forest,Flooded Forest,Flooded Forest,Flooded Forest,#76a5af,1,600,relative,"10,92","9,17","8,82","8,7","8,56","8,38","8,69","9,49","10,33","10,69","10,7","10,76","10,75","11,29","11,17","10,98","11,09","11,02","11,08","11,24","11,5","11,52","11,23","11,07","11,14","11,48","11,44","11,33","11,59","11,77","11,96","12,49","12,59","12,44","12,35","12,34","13,21","14,92"
1,Brasil,,,1150,6,Natural,1. Forest,Flooded Forest,Flooded Forest,Flooded Forest,#76a5af,1,600,value,"2106388,703","1762841,029","1694610,573","1671989,827","1638455,11","1610559,85","1667092,718","1814932,143","1972208,478","2047126,849","2048497,758","2051483,963","2051761,932","2152698,929","2120264,236","2103075,619","2126984,997","2114003,069","2125622,514","2152377,715","2206208,958","2210249,085","2155495,658","2122949,099","2133156,849","2200689,554","2194759,335","2168836,413","2224186,568","2255675,177","2290328,777","2383505,983","2400498,925","2373914,018","2353338,221","2348656,019","2503615,348","2813695,216"
1,Brasil,,,1150,6,Natural,1. Forest,Flooded Forest,Flooded Forest,Flooded Forest,#76a5af,1,1000,relative,"16,41","13,8","13,19","12,94","12,79","12,45","12,7","13,81","14,91","15,53","15,54","15,52","15,34","16,01","15,77","15,28","15,27","15,1","15,14","15,32","15,67","15,69","15,28","14,95","14,95","15,38","15,36","15,14","15,35","15,53","15,81","16,53","16,66","16,48","16,45","16,61","18,07","20,74"
1,Brasil,,,1150,6,Natural,1. Forest,Flooded Forest,Flooded Forest,Flooded Forest,#76a5af,1,1000,value,"3165243,643","2653484,735","2533017,112","2485967,223","2447484,251","2394106,536","2435138,366","2642065,516","2847813,699","2974618,963","2976724,061","2958504,967","2926444,568","3052303,573","2993375,818","2926479,548","2928399,872","2895961,121","2905962,554","2935218,568","3005853,361","3011513,227","2931241,808","2866039,783","2861790,307","2948625,289","2945538,729","2898024,541","2943872,995","2977668,312","3027656,28","3154614,46","3176554,863","3143740,259","3133076,707","3160902,974","3426184,269","3910947,925"
1,Brasil,,,2100,11,Natural,2. Non Forest Natural Formation,Wetland,Wetland,Wetland,#45c2a5,1,30,relative,"8,8","7,37","7,52","8,33","8,38","7,15","7,97","7,76","7,91","6,92","7,92","7,45","8,32","7,36","7,89","7,37","7,3","7,8","7,39","7,63","7,55","7,92","8,17","7,98","7,5","7,28","7,97","7,52","7,74","8,56","8,35","8,28","8,38","8,9","8,3","7,91","7,84","9,22"
1,Brasil,,,2100,11,Natural,2. Non Forest Natural Formation,Wetland,Wetland,Wetland,#45c2a5,1,30,value,"1680372,696","1294982,574","1380827,066","1549943,208","1611081,851","1234513,202","1419512,328","1297816,789","1372340,471","1146459,963","1404473,602","1294756,919","1506920,511","1218021,905","1319428,935","1353198,927","1212567,184","1369755,574","1319327,209","1303141,062","1266593,775","1462979,938","1494232,932","1477013,462","1233054,897","1287442,244","1548283,829","1204080,044","1262087,843","1463999,634","1331958,585","1372982,285","1349763,747","1587035,427","1347171,433","1188755,074","1179753,486","1346335,603"
1,Brasil,,,2100,11,Natural,2. Non Forest Natural Formation,Wetland,Wetland,Wetland,#45c2a5,1,60,relative,"14,54","12,27","12,58","13,75","13,87","11,93","13,25","12,87","13,17","11,64","13,23","12,53","13,88","12,32","13,17","12,43","12,22","13,06","12,46","12,82","12,7","13,38","13,73","13,48","12,65","12,34","13,47","12,66","13,02","14,37","14,02","13,93","14,12","14,96","13,95","13,33","13,25","15,53"
1,Brasil,,,2100,11,Natural,2. Non Forest Natural Formation,Wetland,Wetland,Wetland,#45c2a5,1,60,value,"2777650,943","2155711,004","2309101,322","2558356,621","2666017,795","2060473,534","2361069,327","2152001,996","2284195,269","1926998,712","2346786,202","2176192,02","2513756,523","2037324,537","2203479,015","2281651,487","2029720,557","2293008,795","2223345,842","2190789,886","2131316,579","2472837,566","2510506,061","2493759,783","2081197,773","2181565,479","2616332,319","2025762,087","2123003,604","2457329,539","2237530,028","2311130,102","2275438,657","2665887,392","2263573,811","2002889,86","1993364,289","2268164,642"
1,Brasil,,,2100,11,Natural,2. Non Forest Natural Formation,Wetland,Wetland,Wetland,#45c2a5,1,90,relative,"19,4","16,43","16,9","18,26","18,46","15,95","17,68","17,13","17,57","15,62","17,73","16,84","18,57","16,46","17,59","16,71","16,28","17,45","16,74","17,16",17,"18,03","18,41","18,13","16,97","16,62","18,14","16,91","17,42","19,22","18,75","18,67","18,94","20,03","18,66","17,81","17,74","20,81"
1,Brasil,,,2100,11,Natural,2. Non Forest Natural Formation,Wetland,Wetland,Wetland,#45c2a5,1,90,value,"3705586,174","2886678,154","3102270,419","3396631,079","3548905,932","2753952,27","3151073,898","2863532,22","3048050,358","2586036,68","3144895,041","2926084,079","3362107,52","2722997,708","2942849,348","3067445,109","2705380,999","3062923,952","2986776,918","2931952,498","2853355,848","3330990,055","3365528,909","3354122,065","2790855,648","2938007,47","3523642,636","2706138,603","2841100,392","3287168,953","2992384,211","3097913,851","3052065,738","3570767,077","3027545,726","2675379,589","2668267,453","3039760,75"
1,Brasil,,,2100,11,Natural,2. Non Forest Natural Formation,Wetland,Wetland,Wetland,#45c2a5,1,120,relative,"22,67","19,24","19,84","21,26","21,53","18,63","20,64","19,93","20,5","18,27","20,75","19,74","21,7","19,2","20,5","19,57","18,94","20,34","19,59","20,01","19,83","21,13","21,51","21,22","19,79","19,45","21,26","19,66","20,31","22,42","21,85","21,8","22,11","23,39","21,74","20,68","20,63","24,27"
1,Brasil,,,2100,11,Natural,2. Non Forest Natural Formation,Wetland,Wetland,Wetland,#45c2a5,1,120,value,"4331580,659","3380152,297","3642105,73","3955306,208","4139207,403","3215947,022","3677880,933","3332542,047","3556897,163","3025171,678","3680112,948","3429242,8","3928849,683","3174561,26","3430877,985","3592468,768","3146555,529","3571696,612","3494565,726","3418859,844","3326650,123","3904463,913","3932718,88","3927515,724","3254630,208","3437557,483","4129599,549","3146313,454","3312173,733","3834231,334","3487063,63","3616582,913","3563156,789","4169645,912","3526361,308","3107385,186","3103842,629","3544599,474"
1,Brasil,,,2100,11,Natural,2. Non Forest Natural Formation,Wetland,Wetland,Wetland,#45c2a5,1,150,relative,"26,05","22,14","22,89","24,33","24,67","21,36","23,66","22,77","23,51","20,99","23,85","22,73","24,9","21,97","23,47","22,52","21,64","23,31","22,51","22,9","22,69","24,32","24,68","24,4","22,64","22,33","24,46","22,42","23,24","25,67","24,98","24,98","25,33","26,81","24,84","23,55","23,52","27,73"
1,Brasil,,,2100,11,Natural,2. Non Forest Natural Formation,Wetland,Wetland,Wetland,#45c2a5,1,150,value,"4975823,125","3889771,618","4202507,329","4525367,758","4741881,811","3688227,426","4215968,169","3807445,352","4077803,277","3476507,648","4229255,596","3947669,328","4507915,764","3633822,603","3926905,573","4133358,337","3594764,617","4091574,667","4016134,392","3913327,117","3807436,345","4493516,042","4511347,753","4514685,669","3723771,106","3946899,575","4750255,644","3587733,585","3790432,92","4389576,453","3987418,148","4144067,107","4081729,249","4778528,125","4029088,296","3537577,066","3538539,39","4050783,534"
1,Brasil,,,2100,11,Natural,2. Non Forest Natural Formation,Wetland,Wetland,Wetland,#45c2a5,1,300,relative,"35,92","30,77","32,01","33,13","33,64","29,35","32,43","30,95","32,32","29,12",33,"31,66","34,24","30,12","32,11","31,33","29,54","32,01","31,19","31,31","31,01","33,67","33,9","33,71","30,83","30,77","33,85","30,23","31,75","35,02","33,95","34,17","34,58","36,64","33,67","31,55","31,61","37,49"
1,Brasil,,,2100,11,Natural,2. Non Forest Natural Formation,Wetland,Wetland,Wetland,#45c2a5,1,300,value,"6862513,915","5407049,675","5877238,482","6162991,843","6465427,934","5066930,652","5779023,548","5174428,832","5605951,836","4821560,887","5852261,602","5499261,902","6199936,421","4981050,257","5372468,236","5749582,418","4907625,87","5620423,95","5564781,577","5350836,012","5203627,09","6221003,635","6197205,41","6237963,086","5071837,078","5438574,411","6573918,334","4837573,595","5178483,253","5988790,799","5419112,907","5668608,541","5571623,966","6530529,615","5462481,767","4740817,542","4755759,47","5475848,647"
1,Brasil,,,2100,11,Natural,2. Non Forest Natural Formation,Wetland,Wetland,Wetland,#45c2a5,1,600,relative,"47,09","41,05","42,55","42,86","43,34","38,69","42,28","40,45","42,6","39,18","43,74","42,54","44,98","40,07","42,31","41,96","39,23","42,39","41,77","41,44","41,06","44,62","44,58","44,54","40,65","41,04","44,82","39,46","41,92","45,74","44,32","44,88","45,24","47,66","43,88","40,94","41,05","48,72"
1,Brasil,,,2100,11,Natural,2. Non Forest Natural Formation,Wetland,Wetland,Wetland,#45c2a5,1,600,value,"8995332,258","7211606,385","7812325,566","7972724,604","8330869,882","6681161,169","7534722,406","6763503,472","7390579,838","6488016,45","7757623,68","7390429,942","8144942,994","6627227,17","7079403,862","7701134,976","6517724,147","7442551,366","7452524,625","7081648,354","6889979,117","8244196,604","8150467,592","8241861,836","6686087,827","7253687,374","8704724,316","6314543,879","6837949,237","7821275,608","7073984,431","7445945,445","7289585,297","8495745,23","7118389,225","6150940,404","6175643,036","7116856,846"
1,Brasil,,,2100,11,Natural,2. Non Forest Natural Formation,Wetland,Wetland,Wetland,#45c2a5,1,1000,relative,"55,97","49,62","51,15","50,79","51,14","46,75","50,32","48,66","51,33","48,19","52,72","51,93","53,85","48,97","51,05","50,95","47,79","51,13","50,77","50,17","49,83","53,56","53,26","53,28","49,16","49,9","53,68","47,58","50,68","54,47","52,95","53,8","54,04","56,47","52,48","49,19","49,28","58,34"
1,Brasil,,,2100,11,Natural,2. Non Forest Natural Formation,Wetland,Wetland,Wetland,#45c2a5,1,1000,value,"10692223,49","8718962,115","9392165,141","9446422,791","9829569,662","8072224,654","8967316,221","8136243,55","8904768,36","7979770,548","9349261,015","9021335,027","9749922,849","8098656,832","8542563,414","9351248,789","7940574,008","8976317,766","9058715,608","8573649,912","8362056,307","9896707,127","9736038,952","9860039,491","8086834,264","8820779,595","10425926,88","7613839,976","8267060,403","9314677,265","8450416,929","8925855,674","8708159,48","10065915,64","8514218,452","7390379,641","7414313,256","8521675,08"
1,Brasil,,,2200,12,Natural,2. Non Forest Natural Formation,Grassland,Grassland,Grassland,#b8af4f,1,30,relative,"9,08","8,64","8,45","8,49","8,56","8,15","8,48","8,28","8,58","8,46","8,75","8,91","8,92","8,67","8,89","8,92","8,57","8,86","9,04","8,91","8,75","9,28","9,21","9,32","8,93","9,15","9,87","9,28","9,41","9,78","9,36","9,49","9,57","10,21","9,9","9,75","10,03","10,74"
1,Brasil,,,2200,12,Natural,2. Non Forest Natural Formation,Grassland,Grassland,Grassland,#b8af4f,1,30,value,"3247762,917","3234697,224","2997616,807","2839686,277","2828661,37","2915202,447","2886897,027","2955319,964","2974861,475","3055384,023","3021682,798","3078201,77","3013512,954","3132154,816","3083306,77","3058000,269","3111094,578","3080105,991","3125972,293","3120422,656","3080306,069","3045102,278","3015844,045","3024409,262","3112332,586","3084346,042","3063360,786","3205683,133","3181233,966","3134630,421","3120108,841","3134712,512","3161009,374","3157395,64","3250736,127","3328075,335","3382205,304","3486417,773"
1,Brasil,,,2200,12,Natural,2. Non Forest Natural Formation,Grassland,Grassland,Grassland,#b8af4f,1,60,relative,"15,54","14,78","14,5","14,58","14,7","14,06","14,62","14,3","14,81","14,57","15,04","15,24","15,28","14,84","15,18","15,18","14,63","15,1","15,3","15,12","14,85","15,71","15,67","15,84","15,17","15,51","16,69","15,7","15,91","16,5","15,8","16,03","16,1","17,15","16,64","16,35","16,78","17,87"
1,Brasil,,,2200,12,Natural,2. Non Forest Natural Formation,Grassland,Grassland,Grassland,#b8af4f,1,60,value,"5556553,083","5530260,195","5139831,613","4876445,78","4857173,32","5030554,264","4976843,133","5107468,539","5133906,564","5259069,498","5190971,283","5264310,116","5161907,542","5361567,575","5265411,281","5200915,344","5308536,234","5245285,99","5294637,346","5298780,021","5230111,625","5155800,278","5128217,216","5138988,4","5286160,757","5228403,442","5177665,354","5424101,428","5375277,836","5288046,909","5269605,011","5292105,293","5319493,768","5302644,043","5462201,159","5579650,438","5656575,666","5802153,247"
1,Brasil,,,2200,12,Natural,2. Non Forest Natural Formation,Grassland,Grassland,Grassland,#b8af4f,1,90,relative,"21,45","20,47","20,14","20,25","20,41","19,62","20,37","19,97","20,65","20,27","20,89","21,09","21,16","20,53","20,97","20,88","20,18","20,78","20,96","20,75","20,37","21,5","21,51","21,72","20,8","21,22","22,76","21,42","21,67","22,46","21,52","21,81","21,85","23,23","22,54","22,11","22,63","24,01"
1,Brasil,,,2200,12,Natural,2. Non Forest Natural Formation,Grassland,Grassland,Grassland,#b8af4f,1,90,value,"7672793,578","7661189,689","7140506,305","6774428,356","6744625,642","7019287,904","6935142,352","7131965,531","7158906,798","7316314,487","7211764,82","7283750,193","7149330,978","7420906,228","7271305,784","7157146,437","7323108,212","7218748,829","7252642,963","7271519,301","7173456,401","7055341,894","7040742,2","7050392,278","7247448,104","7154064,094","7062246,545","7403570,346","7323705,378","7195010,89","7175757,305","7202201,83","7218056,065","7182466,179","7397924,627","7542378,736","7632095,235","7795127,996"
1,Brasil,,,2200,12,Natural,2. Non Forest Natural Formation,Grassland,Grassland,Grassland,#b8af4f,1,120,relative,"25,67","24,58","24,22","24,34","24,52","23,67","24,54","24,1","24,88","24,39","25,13","25,29","25,38","24,63","25,11","24,95","24,15","24,81","24,96","24,74","24,28","25,58","25,65","25,89","24,78","25,24","27,01","25,43","25,69","26,59","25,5","25,84","25,83","27,42","26,61","26,07","26,66","28,24"
1,Brasil,,,2200,12,Natural,2. Non Forest Natural Formation,Grassland,Grassland,Grassland,#b8af4f,1,120,value,"9179326,578","9198310,337","8588307,777","8143125,826","8102892,873","8467193,847","8355037,401","8606098,265","8626651,563","8805214,814","8672188,61","8733704,213","8575681,6","8900511,966","8706735,957","8550655,787","8763490,14","8622030,348","8635822,436","8667892,235","8548265,921","8394020,919","8394487,394","8400754,172","8633558,046","8508926,808","8378932,137","8789293,771","8682637,253","8521195,56","8504225,898","8530784,162","8533727,749","8478252,334","8735235,41","8895065,51","8990284,593","9169012,318"
1,Brasil,,,2200,12,Natural,2. Non Forest Natural Formation,Grassland,Grassland,Grassland,#b8af4f,1,150,relative,"30,09","28,95","28,57","28,68","28,86",28,"28,98","28,52","29,39","28,79","29,63","29,73","29,85","28,97","29,48","29,24","28,35","29,07","29,15","28,93","28,38","29,85","29,99","30,25","28,97","29,44","31,42","29,63","29,89","30,9","29,66","30,03","29,97","31,75","30,83","30,17","30,82","32,62"
1,Brasil,,,2200,12,Natural,2. Non Forest Natural Formation,Grassland,Grassland,Grassland,#b8af4f,1,150,value,"10761419,49","10833504,32","10128673,85","9593462,652","9539522,959","10018423,81","9867627,951","10183636,59","10191149,35","10392996,79","10225531,52","10267268,35","10083581,79","10470101,61","10224035,17","10019499,28","10288728,83","10099871,67","10085235,98","10134799,02","9992959,494","9795729,436","9816215,102","9818165,722","10091813,34","9928189,813","9748831,27","10237634,88","10099869,12","9899810,081","9890064,816","9914191,751","9900770,899","9816517,274","10121789,89","10293580,74","10391965,64","10590113,31"
1,Brasil,,,2200,12,Natural,2. Non Forest Natural Formation,Grassland,Grassland,Grassland,#b8af4f,1,300,relative,"43,27","42,33","41,85","41,83","41,99","41,45","42,57","42,21","43,21","42,34","43,37","43,19","43,35","42,25","42,74","42,17","41,21","41,93","41,74","41,55","40,78","42,64","43,05","43,38","41,67","42,09","44,46","42,2","42,4","43,63","42,08","42,46","42,24","44,36","43,3","42,21","42,99","45,55"
1,Brasil,,,2200,12,Natural,2. Non Forest Natural Formation,Grassland,Grassland,Grassland,#b8af4f,1,300,value,"15473604,51","15841834,73","14839545,57","13993738,9","13879798,64","14828824,36","14493043,83","15073219,46","14979930,64","15286880,32","14968887,36","14917148,67","14644966,94","15270131,21","14822589,48","14452901,49","14955740,58","14567556,72","14441068,49","14557842,7","14360113,46",13995193,"14091150,38","14079207,45","14516685,14","14191111,86","13793047,86","14583780,24","14329328,25","13978868,15","14031329,58","14018776,75","13953496,64","13713767,06","14214570,31","14403120,62","14494154,61","14788489,26"
1,Brasil,,,2200,12,Natural,2. Non Forest Natural Formation,Grassland,Grassland,Grassland,#b8af4f,1,600,relative,"57,52","57,23","56,56","56,27","56,32","56,39","57,24","57,41","58,25","57,52","58,34","57,96","57,96","57,08","57,36","56,47","55,73","56,25","55,86","55,79","54,95","56,88","57,53","57,84","56,04","56,25","58,49","56,24","56,39","57,54","56,05","56,28","55,93","57,85","57,05","55,6","56,46","59,99"
1,Brasil,,,2200,12,Natural,2. Non Forest Natural Formation,Grassland,Grassland,Grassland,#b8af4f,1,600,value,"20570268,69","21418485,83","20053062,67","18823384,4","18613754,94","20173867,19","19489177,9","20502791,48","20194521,15","20764110,96","20135482,99","20016907,68","19581439,89","20629137,77","19892200,66","19350964,69","20228480,5","19543159,5","19326327,96","19549116,99","19348662,57","18667206,97","18830700,12","18770590,97","19523421,97","18966311,34","18147274,98","19435213,62","19055103,5","18437628,43","18691195,75","18581797,82","18477780,34","17886045,56","18725426,07","18970368,33","19036252,4","19475539,82"
1,Brasil,,,2200,12,Natural,2. Non Forest Natural Formation,Grassland,Grassland,Grassland,#b8af4f,1,1000,relative,"67,67","67,89","66,93","66,45","66,34","66,77","67,14","67,84","68,52","68,17","68,46","68,27","68,01","67,64","67,8","66,81","66,41","66,65","66,33","66,43","65,71","67,36","68,06","68,17","66,66","66,68","68,42","66,66","66,75","67,59","66,56","66,65","66,28","67,65","67,34","65,76","66,63","70,81"
1,Brasil,,,2200,12,Natural,2. Non Forest Natural Formation,Grassland,Grassland,Grassland,#b8af4f,1,1000,value,"24200034,17","25407212,27","23733383,31","22228496,34","21927759,83","23887695,22","22858114,75","24229402,25","23757092,7","24610105,33","23629106,42","23578372,07","22976268,13","24445656,19","23510333,34","22894251,6","24103856,23","23157529,67","22948358,85","23274617,82","23140653,52","22108807,87","22276997,15","22123108,51","23224340,39","22482457,16","21228009,76","23035853,48","22557621,01","21655808,21","22194983,87","22007961,73","21895768,81","20913302,22","22103974,63","22438603,98","22467606,78","22986391,92"
1,Brasil,,,2500,50,Natural,2. Non Forest Natural Formation,Restinga Herbcea/Arbustiva,Restinga Herbcea/Arbustiva,Restinga Herbcea/Arbustiva,,1,30,relative,"25,95","26,02","27,23","27,59","27,09","27,53","28,32","28,48","29,15","29,42","28,28","27,71","26,94","26,56","26,75","26,75","26,55","26,1","25,64","25,14","24,84","24,82","24,48","23,48","23,61","24,47","24,84","24,53","24,78","24,18","24,13","24,14",24,"23,77","23,31","23,19","23,1","23,34"
1,Brasil,,,2500,50,Natural,2. Non Forest Natural Formation,Restinga Herbcea/Arbustiva,Restinga Herbcea/Arbustiva,Restinga Herbcea/Arbustiva,,1,30,value,"76604,90391","74254,8331","73215,09061","72811,4365","71354,01592","72835,59228","73201,22443","72748,24531","72600,81011","72155,61589","71424,7034","71570,26225","71055,1216","70466,5887","70149,02621","69773,92706","68979,24103","67732,18024","67923,91765","68912,1077","68767,97485","68886,01092","68167,84373","66444,54327","66670,22839","67240,68851","67289,82446","66840,90304","67626,07129","66801,87609","66143,42607","66100,94424","66297,27818","66162,44309","63929,56957","63200,44949","63495,83915","65448,01476"
1,Brasil,,,2500,50,Natural,2. Non Forest Natural Formation,Restinga Herbcea/Arbustiva,Restinga Herbcea/Arbustiva,Restinga Herbcea/Arbustiva,,1,60,relative,"42,54","42,58","44,08","44,53","43,8","44,48","45,63","45,86","46,65","46,77","45,16","44,45","43,36","42,86","43,13","43,27","42,98","42,29","41,67","41,06","40,7","40,67","40,19","38,67","38,85","39,98","40,57","40,16","40,47","39,55","39,41","39,45","39,25","38,88","38,3","38,2",38,"38,26"
1,Brasil,,,2500,50,Natural,2. Non Forest Natural Formation,Restinga Herbcea/Arbustiva,Restinga Herbcea/Arbustiva,Restinga Herbcea/Arbustiva,,1,60,value,"125592,8331","121510,2315","118544,3283","117533,4355","115361,4214","117661,5025","117949,5877","117166,8541","116186,4799","114697,211","114052,3287","114803,0154","114362,6437","113705,8528","113104,6913","112877,3815","111697,2139","109738,2663","110355,6572","112562,129","112671,1107","112863,4716","111926,2683","109429,6455","109720,9726","109854,1418","109883,2649","109439,7748","110452,2872","109266,8877","108029,7104","108036,4256","108411,4494","108246,2877","105069,71","104110,5169","104450,1746","107275,3721"
1,Brasil,,,2500,50,Natural,2. Non Forest Natural Formation,Restinga Herbcea/Arbustiva,Restinga Herbcea/Arbustiva,Restinga Herbcea/Arbustiva,,1,90,relative,"56,24","56,21","57,55","57,94","57,05","57,87","59,2","59,49","60,1","59,96","58,22","57,53","56,38","55,89","56,11","56,43","56,14","55,32","54,62","54,12","53,79","53,76","53,25","51,5","51,68","52,78","53,47","53,1","53,3","52,24","51,99","52,05","51,77","51,34","50,92","50,92","50,61","50,84"
1,Brasil,,,2500,50,Natural,2. Non Forest Natural Formation,Restinga Herbcea/Arbustiva,Restinga Herbcea/Arbustiva,Restinga Herbcea/Arbustiva,,1,90,value,"166040,9912","160389,3485","154765,0712","152939,5361","150260,6231","153080,6439","153028,5741","151965,6317","149663,3195","147038,441","147036,4658","148579,1756","148691,6112","148272,0539","147153,1711","147213,3657","145875,7497","143544,586","144672,844","148378,668","148929,399","149199,3374","148307,5545","145713,3823","145946,1126","145016,5427","144818,7374","144685,9716","145482,7892","144321,095","142531,7913","142542,1528","142976,0311","142927,3824","139691,2431","138761,295","139103,3759","142568,177"
1,Brasil,,,2500,50,Natural,2. Non Forest Natural Formation,Restinga Herbcea/Arbustiva,Restinga Herbcea/Arbustiva,Restinga Herbcea/Arbustiva,,1,120,relative,"64,84","64,74","65,8","66,05","65,12","66,04","67,41","67,72","68,06","67,78","66,11","65,47","64,35","63,95","64,06","64,52","64,25","63,43","62,74","62,39","62,13","62,08","61,58","59,8","59,96","60,94","61,64","61,34","61,42","60,34","60,03","60,1","59,78","59,35","59,17","59,25","58,87","59,1"
1,Brasil,,,2500,50,Natural,2. Non Forest Natural Formation,Restinga Herbcea/Arbustiva,Restinga Herbcea/Arbustiva,Restinga Herbcea/Arbustiva,,1,120,value,"191427,9898","184732,2645","176952,6781","174345,5398","171516,3831","174700,557","174226,6479","172997,4151","169502,8456","166218,7859","166951,8028","169092,2289","169736,3925","169645,7524","168010,3483","168299,2613","166958,8371","164591,7762","166163,9205","171034,4051","171998,6876","172304,2571","171512,4977","169201,6779","169322,5698","167431,031","166961,6919","167159,0267","167636,8942","166697,3785","164550,147","164590,7401","165117,0966","165229,7151","162301,8081","161468,7205","161833,801","165716,0423"
1,Brasil,,,2500,50,Natural,2. Non Forest Natural Formation,Restinga Herbcea/Arbustiva,Restinga Herbcea/Arbustiva,Restinga Herbcea/Arbustiva,,1,150,relative,"72,62","72,42","73,11","73,15","72,25","73,3","74,6","74,97","75,01","74,57","73,06","72,54","71,54","71,2","71,21","71,78","71,55","70,83","70,17","69,97","69,79","69,73","69,28","67,62","67,75","68,56","69,24","69,02","68,98","67,96","67,61","67,68","67,32","66,92","67,03","67,2","66,77","66,99"
1,Brasil,,,2500,50,Natural,2. Non Forest Natural Formation,Restinga Herbcea/Arbustiva,Restinga Herbcea/Arbustiva,Restinga Herbcea/Arbustiva,,1,150,value,"214377,8119","206649,5511","196614,2839","193083,5462","190288,805","193923,8721","192832,2902","191507,2447","186803,9616","182873,5109","184517,5269","187353,6427","188681,5138","188879,4919","186774,5123","187236,2934","185923,5494","183793,1276","185850,6724","191829,1846","193213,6165","193534,8576","192945,6234","191334,926","191325,1982","188369,0124","187540,6295","188071,4957","188258,9961","187742,527","185352,2211","185338,4766","185925,8805","186297,4421","183880,635","183137,2049","183523,0453","187847,6079"
1,Brasil,,,2500,50,Natural,2. Non Forest Natural Formation,Restinga Herbcea/Arbustiva,Restinga Herbcea/Arbustiva,Restinga Herbcea/Arbustiva,,1,300,relative,"88,29","87,95","87,73","87,33","86,84","88,2","88,98","89,31","88,91","88,31","87,36","87,11","86,52","86,35","86,39","86,94","86,93","86,62","86,17","86,24","86,13","85,94","85,76","84,96","84,95","85,32","85,68","85,54","85,41","84,98","84,85","84,82","84,34","84,12","84,89","85,15","84,72","84,89"
1,Brasil,,,2500,50,Natural,2. Non Forest Natural Formation,Restinga Herbcea/Arbustiva,Restinga Herbcea/Arbustiva,Restinga Herbcea/Arbustiva,,1,300,value,"260628,9949","250953,2002","235913,4074","230500,7065","228736,4122","233324,3172","229999,6167","228152,5606","221419,0773","216583,4874","220624,63","224992,6807","228195,4011","229065,1856","226576,4826","226797,9201","225888,5183","224761,9565","228229,0443","236425,7059","238440,9808","238524,57","238869,3155","240401,1446","239885,811","234446,3049","232077,5959","233087,034","233111,9693","234743,0538","232599,9694","232294,4927","232936,9659","234175,3394","232875,7133","232052,3248","232882,8448","238052,1855"
1,Brasil,,,2500,50,Natural,2. Non Forest Natural Formation,Restinga Herbcea/Arbustiva,Restinga Herbcea/Arbustiva,Restinga Herbcea/Arbustiva,,1,600,relative,"95,79","95,51","95,23","94,95","94,5","95,71",96,"96,03","95,86","95,6","95,23","95,12","94,79","94,82","94,9","95,23","95,25","95,09","94,79","94,7","94,73","94,63","94,59","94,46","94,57","94,69","94,76","94,47","94,56","94,54","94,5","94,49","94,23","94,16","94,77","95,1","94,77","94,78"
1,Brasil,,,2500,50,Natural,2. Non Forest Natural Formation,Restinga Herbcea/Arbustiva,Restinga Herbcea/Arbustiva,Restinga Herbcea/Arbustiva,,1,600,value,"282789,4054","272522,2248","256086,1338","250626,068","248900,454","253205,0507","248123,313","245328,6396","238721,6781","234457,7556","240508,842","245680,6364","250000,6068","251548,2263","248884,8817","248427,1514","247513,1913","246735,7446","251060,9542","259640,5814","262248,9253","262632,8183","263456,6635","267270,082","267055,1744","260174,7751","256660,3541","257421,6078","258098,1131","261167,8379","259043,5663","258763,8665","260264,417","262110,1431","259976,8691","259180,5004","260502,1365","265770,2425"
1,Brasil,,,2500,50,Natural,2. Non Forest Natural Formation,Restinga Herbcea/Arbustiva,Restinga Herbcea/Arbustiva,Restinga Herbcea/Arbustiva,,1,1000,relative,"98,37","98,19","98,08","97,96","97,56","98,16","98,17","98,14","97,97","97,95","97,95","97,95","97,71","97,71","97,82","97,97","97,91","97,85","97,77","97,63","97,62","97,6","97,58","97,61","97,74","97,85","97,78","97,64","97,63","97,57","97,45","97,66","97,55","97,51","97,72","97,86","97,75","97,79"
1,Brasil,,,2500,50,Natural,2. Non Forest Natural Formation,Restinga Herbcea/Arbustiva,Restinga Herbcea/Arbustiva,Restinga Herbcea/Arbustiva,,1,1000,value,"290400,1219","280190,4055","263755,7236","258551,0836","256957,0154","259667,3779","253741,1014","250705,4941","243972,7044","240223,8085","247364,8905","252981,7292","257715,7892","259224,3385","256558,5036","255570,8474","254429,081","253908,3103","258964,0955","267655,6365","270270,5012","270886,5188","271765,3051","276187,0941","276000,5154","268855,5709","264844,5486","266077,4534","266478,0432","269520,1408","267137,1702","267469,4063","269420,5644","271460,3","268065,6275","266700,9533","268680,7262","274221,593"